time,velocity,altitude,velocity_y,velocity_x,acceleration,downrange_distance,angle,q,propellant,mass_flow_rate,thrust,mass,apoapsis,periapsis,propellant_est,mass_flow_rate_est,rho_est,kinetic_energy_est,potential_energy_est,delta_time,delta_v,cum_delta_v,dynamic_pressure_est,thrust_to_weight_est,mach_est,drag_est,apoapsis_est,periapsis_est
0,0.0,0.0,0.0,0.0,9.8,0.0,90.0,0.0,495000.0,2100.0,5600000.0,525000.0,0.0,0.0,472725.0,2005.5,1.225,0.0,0.0,1.0,0.0,0.0,0.0,1.0876972938431233,0.0,0.0,-31855.0,-6339145.0
1,2.145060193015621,0.00043776738632971847,0.7442045567605213,0.0,9.931330215898916,0.0,90.0,6.566510794945777,494890.55815341754,2100.0,5600000.0,524890.5581534175,0.0,0.0,472620.48303651373,2005.5,1.2249999369099962,1207585.0618440448,2253.3717207548434,1.0,2.145060193015621,2.145060193015621,2.8182858342443917,1.0879240832157113,0.006303623947267392,14.091429171221959,-31854.766460540704,-6339144.998826435
2,4.290120386031242,0.0008755347726594369,1.4884091135210427,0.0,10.06266043179783,0.0,90.0,13.133021589891554,494781.11630683515,2100.0,5600000.0,524781.1163068351,0.0,0.0,472515.9660730275,2005.5,1.2249998738199952,4829333.101509136,4505.803766911525,1.0,2.145060193015621,4.290120386031242,11.27314275638764,1.0881509671810614,0.012607247894534783,56.365713781938204,-31854.06671322044,-6339144.995310117
3,6.435180579046862,0.0022532086359566216,2.2639438861804795,0.0,10.225320863595663,0.0,90.0,28.47199283653368,494671.6744602527,2100.0,5600000.0,524671.6744602527,0.0,0.0,472411.4491095413,2005.5,1.2249996752729162,10863733.400194708,11593.370124843264,1.0,2.1450601930156203,6.435180579046862,25.36456709080113,1.0883779457983678,0.018910871841802172,126.82283545400566,-31852.89982251823,-6339144.989446344
4,8.580240772062481,0.0040042781812754955,3.051925181573973,0.0,10.40042781812755,0.0,90.0,47.29599044871158,494562.2326136703,2100.0,5600000.0,524562.2326136703,0.0,0.0,472306.9321460551,2005.5,1.2249994229129864,19309275.23910019,20598.800686339055,1.0,2.1450601930156195,8.580240772062481,45.09255442754367,1.088605019126873,0.02521449578906956,225.46277213771836,-31851.266351599246,-6339144.981237948
5,10.725300965078102,0.006133021589891554,3.821022783802607,0.0,10.556651079494578,0.0,90.0,63.476271017809175,494452.79076708783,2100.0,5600000.0,524452.7907670878,0.0,0.0,472202.4151825689,2005.5,1.2249991161236782,30164447.899425026,31542.89642272313,1.0,2.1450601930156203,10.725300965078102,70.45709864773075,1.08883218722587,0.031518119736336954,352.2854932386537,-31849.166295487434,-6339144.970684902
6,12.870361158093722,0.008759625907869864,4.565227340563128,0.0,10.687981295393493,0.0,90.0,76.17152522137101,494343.34892050544,2100.0,5600000.0,524343.3489205054,0.0,0.0,472097.8982190827,2005.5,1.2249987375839757,43427740.66236865,45042.44931450083,1.0,2.1450601930156203,12.870361158093722,101.45819070090134,1.0890594501547002,0.037821743683604345,507.29095350450666,-31846.599533665925,-6339144.957786601
7,15.015421351109342,0.011579345338772262,5.315869067754453,0.0,10.825748681723212,0.0,90.0,82.17212217689782,494233.907073923,2100.0,5600000.0,524233.907073923,0.0,0.0,471993.3812555964,2005.5,1.224998331213132,59097642.80913049,59529.16479159866,1.0,2.1450601930156203,15.015421351109342,138.09582486545676,1.0892868079727556,0.04412536763087173,690.4791243272838,-31843.566368225962,-6339144.942544564
8,17.160481544124963,0.015519251815739729,6.103850363147946,0.0,11.0008556362551,0.0,90.0,49.33956820216893,494124.4652273406,2100.0,5600000.0,524124.4652273406,0.0,0.0,471888.86429211026,2005.5,1.2249977634039861,77172643.62090999,79767.48290486462,1.0,2.1450601930156203,17.160481544124963,180.36997336230476,1.0895142607394772,0.05042899157813912,901.8498668115237,-31840.065875384025,-6339144.924954148
9,19.305541737140587,0.019459158292707196,6.891831658541439,0.0,11.175962590786986,0.0,90.0,16.507014227440038,494015.0233807581,2100.0,5600000.0,524015.0233807581,0.0,0.0,471784.347328624,2005.5,1.2249971955951033,97651232.37890661,99997.34394674713,1.0,2.145060193015624,19.305541737140587,228.28064172436262,1.0897418085143558,0.056732615525406524,1141.403208621813,-31836.099168190733,-6339144.905020946
10,21.450601930156203,0.02415441249626903,7.642045567605214,0.0,11.313302158989154,0.0,90.0,18.042781812754953,493905.5815341757,2100.0,5600000.0,523905.5815341757,0.0,0.0,471679.8303651378,2005.5,1.224996518927851,120531898.3643197,124099.54224929144,1.0,2.145060193015617,21.450601930156203,281.82779706924254,1.0899694513569316,0.06303623947267391,1409.1389853462126,-31831.665493313223,-6339144.882741173
11,23.595662123171824,0.028969853745895932,8.386250124365734,0.0,11.444632374888071,0.0,90.0,25.047059994030448,493796.13968759327,2100.0,5600000.0,523796.13968759327,0.0,0.0,471575.31340165157,2005.5,1.2249958249399575,145813130.85834876,148809.02516103172,1.0,2.1450601930156203,23.595662123171824,341.0114412630746,1.0901971893267957,0.06933986341994129,1705.057206315373,-31826.765480786562,-6339144.858117994
12,25.740722316187444,0.0345449209033927,9.155775544721918,0.0,11.575962590786986,0.0,90.0,32.30454681126257,493686.6978410109,2100.0,5600000.0,523686.6978410109,0.0,0.0,471470.79643816536,2005.5,1.2249950214773984,173493419.14219326,177409.31569819228,1.0,2.1450601930156203,25.740722316187444,405.83153168576587,1.090425022483587,0.07564348736720869,2029.1576584288293,-31821.398492198437,-6339144.831148202
13,27.885782509203064,0.04067366431200876,9.943756840115412,0.0,11.707292806685903,0.0,90.0,39.746592378867774,493577.2559944284,2100.0,5600000.0,523577.2559944284,0.0,0.0,471366.2794746791,2005.5,1.224994138221227,203571252.49705255,208840.51151377548,1.0,2.1450601930156203,27.885782509203064,476.28805140820776,1.0906529508869967,0.08194711131447607,2381.440257041039,-31815.564730095677,-6339144.801832815
14,30.030842702218685,0.04705989453785693,10.7188637946473,0.0,11.838623022584818,0.0,90.0,47.188637946472994,493467.81414784596,2100.0,5600000.0,523467.81414784596,0.0,0.0,471261.7625111929,2005.5,1.2249932178575031,236045120.2041261,241580.35161389882,1.0,2.1450601930156203,30.030842702218685,552.3809937180707,1.0908809745967636,0.08825073526174346,2761.9049685903537,-31809.264486620203,-6339144.770173299
15,32.1759028952343,0.05406417271913243,11.46306835140782,0.0,11.969953238483733,0.0,90.0,54.63068351407821,493358.37230126356,2100.0,5600000.0,523358.37230126356,0.0,0.0,471157.24554770667,2005.5,1.2249922084234168,270913511.5446133,277478.5481881121,1.0,2.145060193015617,32.1759028952343,634.110312097471,1.0911090936726782,0.09455435920901084,3170.551560487355,-31802.497400220484,-6339144.736167841
16,34.320963088249925,0.06108128544423441,12.20770072629589,0.0,12.101283454382648,0.0,90.0,62.068450900407925,493248.9304546811,2100.0,5600000.0,523248.9304546811,0.0,0.0,471052.72858422046,2005.5,1.2249911971404914,308174915.7997138,313427.5681089374,1.0,2.145060193015624,34.320963088249925,721.4760261547406,1.09133730817458,0.10085798315627824,3607.380130773703,-31795.264070108533,-6339144.6998194475
17,36.46602328126555,0.06939886578449907,12.995682021689385,0.0,12.232613670281564,0.0,90.0,69.07272908168342,493139.4886080987,2100.0,5600000.0,523139.4886080987,0.0,0.0,470948.21162073425,2005.5,1.224989998439584,347827822.2506268,356033.2442931428,1.0,2.145060193015624,36.46602328126555,814.4779981524855,1.0915656181623592,0.10716160710354565,4072.3899907624277,-31787.563211867586,-6339144.661121667
18,38.61108347428117,0.07771644612476371,13.783663317082878,0.0,12.36394388618048,0.0,90.0,76.07700726295892,493030.04676151625,2100.0,5600000.0,523030.04676151625,0.0,0.0,470843.694657248,2005.5,1.2249887997398496,389870720.17855185,398621.066659983,1.0,2.145060193015624,38.61108347428117,913.1163085607554,1.0917940236959558,0.11346523105081305,4565.581542803777,-31779.396116087213,-6339144.620080985
19,40.7561436672968,0.08698676748582233,14.539886578449908,0.0,12.495274102079396,0.0,90.0,83.39886578449908,492920.60491493385,2100.0,5600000.0,522920.60491493385,0.0,0.0,470739.1776937618,2005.5,1.2249874637358913,434302098.8646884,446076.78581909026,1.0,2.145060193015624,40.7561436672968,1017.3908267966883,1.0920225248353599,0.11976885499808045,5086.954133983441,-31770.761831162497,-6339144.576692618
20,42.90120386031241,0.09661764998507612,15.284091135210428,0.0,12.62660431797831,0.0,90.0,90.84091135210427,492811.1630683514,2100.0,5600000.0,522811.1630683514,0.0,0.0,470634.66073027556,2005.5,1.224986075770757,481120447.5902355,495361.21245060436,1.0,2.1450601930156097,42.90120386031241,1127.3015778922456,1.092251121640612,0.12607247894534782,5636.507889461228,-31761.66094250884,-6339144.53095951
21,44.949706496865986,0.11126952542035615,15.98967266938613,0.0,12.719311511292409,0.0,90.0,92.48950353198687,492701.721221769,2100.0,5600000.0,522701.721221769,0.0,0.0,470530.14376678935,2005.5,1.224983964202766,528053171.2779871,570362.3392129828,1.0,2.048502636553579,44.949706496865986,1237.5254199469261,1.0924798141718028,0.13209235210222453,6187.627099734631,-31752.529053312726,-6339144.48507062
22,46.87588299671675,0.1322823599641827,16.646323748880707,0.0,12.763088249925381,0.0,90.0,86.79852750970052,492592.27937518654,2100.0,5600000.0,522592.27937518654,0.0,0.0,470425.62680330314,2005.5,1.2249809359258788,574158656.2251104,677931.1649162477,1.0,1.9261764998507616,46.87588299671675,1345.8549539107025,1.092708602489074,0.13775274911609728,6729.274769553512,-31743.547382057644,-6339144.439936593
23,48.819221967963394,0.1524027459954234,17.313272311212817,0.0,12.81029748283753,0.0,90.0,83.13272311212816,492482.83752860414,2100.0,5600000.0,522482.83752860414,0.0,0.0,470321.1098398169,2005.5,1.2249780362717444,622620966.4667802,780882.1529109438,1.0,1.9433389712466465,48.819221967963394,1459.7551422965869,1.092937486652616,0.14346358096906578,7298.775711482935,-31734.1057602698,-6339144.392491258
24,50.854840314396576,0.1677246045169635,18.03558849865685,0.0,12.875962590786987,0.0,90.0,90.35588498656851,492373.3956820217,2100.0,5600000.0,522373.3956820217,0.0,0.0,470216.5928763307,2005.5,1.2249758281631271,675484899.1845759,859208.3766628,1.0,2.035618346433182,50.854840314396576,1584.0252980532684,1.0931664667226717,0.14944559144963582,7920.126490266342,-31723.81114900671,-6339144.340759543
25,52.890458660829765,0.1830464630385036,18.757904686100886,0.0,12.941627698736445,0.0,90.0,97.57904686100885,492263.9538354393,2100.0,5600000.0,522263.9538354393,0.0,0.0,470112.0759128445,2005.5,1.22497362005849,730490753.4402232,937501.7118037204,1.0,2.035618346433189,52.890458660829765,1713.3709804963444,1.0933955427595328,0.15542760193020588,8566.854902481722,-31713.096636438742,-6339144.286917771
26,54.92607700726296,0.1983683215600438,19.480220873544923,0.0,13.007292806685902,0.0,90.0,104.80220873544921,492154.51198885683,2100.0,5600000.0,522154.51198885683,0.0,0.0,470007.55894935824,2005.5,1.2249714119578332,787637168.737376,1015762.1583337054,1.0,2.0356183464331963,54.92607700726296,1847.7921621776272,1.093624714823543,0.16140961241077598,9238.960810888137,-31701.962218305096,-6339144.230965921
27,56.96169535369616,0.21369018008158397,20.20253706098896,0.0,13.07295791463536,0.0,90.0,112.02537060988959,492045.0701422744,2100.0,5600000.0,522045.0701422744,0.0,0.0,469903.041985872,2005.5,1.2249692038611566,846922784.5796881,1093989.716252755,1.0,2.0356183464331963,56.96169535369616,1987.2888156490283,1.093853982975095,0.16739162289134607,9936.444078245142,-31690.407890181057,-6339144.172903971
28,58.99731370012934,0.23158690677544524,20.924853248432992,0.0,13.138623022584817,0.0,90.0,119.24853248432993,491935.628295692,2100.0,5600000.0,521935.628295692,0.0,0.0,469798.5250223858,2005.5,1.2249666246945718,908346240.4708134,1185363.6938840568,1.0,2.035618346433182,58.99731370012934,2131.8602676672654,1.0940833472746339,0.1733736333719161,10659.301338336327,-31678.43108534068,-6339144.112719022
29,61.03293204656253,0.25128643916028254,21.647169435877025,0.0,13.204288130534275,0.0,90.0,126.47169435877026,491826.1864491095,2100.0,5600000.0,521826.1864491095,0.0,0.0,469694.00805889955,2005.5,1.2249637857249565,971906175.9144065,1285924.8738474718,1.0,2.035618346433189,61.03293204656253,2281.506562020118,1.0943128077826538,0.1793556438524862,11407.532810100589,-31666.03256724216,-6339144.050414911
30,63.06855039299572,0.27098597154511994,22.369485623321065,0.0,13.269953238483733,0.0,90.0,133.69485623321063,491716.7446025271,2100.0,5600000.0,521716.7446025271,0.0,0.0,469589.4910954134,2005.5,1.2249609467619207,1037601230.4141213,1386443.7684539703,1.0,2.035618346433189,63.06855039299572,2436.2280849117665,1.0945423645597012,0.18533765433305627,12181.140424558833,-31653.214124842547,-6339143.986000627
31,65.10416873942891,0.2906855039299573,23.0918018107651,0.0,13.335618346433192,0.0,90.0,140.918018107651,491607.30275594466,2100.0,5600000.0,521607.30275594466,0.0,0.0,469484.9741319271,2005.5,1.2249581078054645,1105430043.4736123,1486920.377703551,1.0,2.0356183464331963,65.10416873942891,2596.0248010529144,1.0947720176663722,0.19131966481362636,12980.124005264572,-31639.97575304564,-6339143.919476146
32,67.1397870858621,0.31047059994030446,23.814117998209134,0.0,13.401283454382648,0.0,90.0,148.14117998209133,491497.86090936227,2100.0,5600000.0,521497.86090936227,0.0,0.0,469380.4571684409,2005.5,1.2249552565248099,1175391254.5965326,1587792.2865547265,1.0,2.035618346433182,67.1397870858621,2760.896647362385,1.0950017671633139,0.1973016752941964,13804.483236811924,-31626.317361450754,-6339143.850841012
33,69.17540543229529,0.33454780618843893,24.53643418565317,0.0,13.466948562332107,0.0,90.0,155.3643418565317,491388.4190627798,2100.0,5600000.0,521388.4190627798,0.0,0.0,469275.9402049547,2005.5,1.2249517867061528,1247483503.2865372,1710567.6025304792,1.0,2.0356183464331963,69.17540543229529,2930.842132980512,1.095231613111225,0.2032836857747665,14654.210664902559,-31612.234758792445,-6339143.780074165
34,71.21102377872849,0.3586250124365735,25.258750373097207,0.0,13.532613670281563,0.0,90.0,162.58750373097206,491278.9772161974,2100.0,5600000.0,521278.9772161974,0.0,0.0,469171.4232414685,2005.5,1.2249483168973245,1321705429.04728,1833291.2364033335,1.0,2.0356183464331963,71.21102377872849,3105.862525651102,1.0954615555708547,0.2092656962553366,15529.31262825551,-31597.732210415415,-6339143.7071970375
35,73.24664212516169,0.38270221868470805,25.981066560541244,0.0,13.598278778231021,0.0,90.0,169.81066560541242,491169.53536961495,2100.0,5600000.0,521169.53536961495,0.0,0.0,469066.9062779823,2005.5,1.2249448470983249,1398055671.382415,1955963.1881732887,1.0,2.0356183464331963,73.24664212516169,3285.9577822443885,1.0956915946030032,0.21524770673590668,16429.78891122194,-31582.80971055478,-6339143.632209601
36,75.28226047159487,0.4067794249328425,26.703382747985277,0.0,13.66394388618048,0.0,90.0,177.03382747985276,491060.09352303256,2100.0,5600000.0,521060.09352303256,0.0,0.0,468962.3893144961,2005.5,1.2249413773091538,1476532869.7955961,2078583.4578403446,1.0,2.035618346433182,75.28226047159487,3471.1278596308503,1.095921730268522,0.22122971721647672,17355.639298154252,-31567.46725327801,-6339143.5551118255
37,77.31787881802806,0.4328305641229728,27.42569893542931,0.0,13.729608994129936,0.0,90.0,184.2569893542931,490950.6516764501,2100.0,5600000.0,520950.6516764501,0.0,0.0,468857.8723510098,2005.5,1.2249376230656928,1557135663.7904775,2211236.4359379737,1.0,2.0356183464331963,77.31787881802806,3661.3718644102278,1.0961519626283136,0.2272117276970468,18306.85932205114,-31551.702868239954,-6339143.47589381
38,79.35349716446126,0.4612854442344047,28.14801512287335,0.0,13.795274102079395,0.0,90.0,191.4801512287335,490841.2098298677,2100.0,5600000.0,520841.2098298677,0.0,0.0,468753.35538752365,2005.5,1.2249335224310025,1639862692.8707137,2356111.1002670275,1.0,2.0356183464331963,79.35349716446126,3856.689422362451,1.0963822917433315,0.2331937381776169,19283.447111812256,-31535.516121439636,-6339143.3945533745
39,81.38911551089446,0.48974032434583636,28.870331310317383,0.0,13.860939210028853,0.0,90.0,198.70331310317385,490731.76798328524,2100.0,5600000.0,520731.76798328524,0.0,0.0,468648.8384240374,2005.5,1.2249294218100395,1724712596.5399585,2500924.685747199,1.0,2.0356183464331963,81.38911551089446,4057.0814641291413,1.0966127176745808,0.239175748658187,20285.407320645707,-31518.909398386255,-6339143.311102505
40,83.42473385732764,0.518195204457268,29.59264749776142,0.0,13.92660431797831,0.0,90.0,205.9264749776142,490622.3261367028,2100.0,5600000.0,520622.3261367028,0.0,0.0,468544.3214605511,2005.5,1.2249253212028042,1811684014.301865,2645677.1923784898,1.0,2.035618346433182,83.42473385732764,4262.54793874129,1.0968432404831179,0.24515775913875704,21312.739693706448,-31501.882692478597,-6339143.225541168
41,85.46035220376082,0.5466500845686997,30.314963685205452,0.0,13.992269425927768,0.0,90.0,213.14963685205453,490512.8842901204,2100.0,5600000.0,520512.8842901204,0.0,0.0,468439.80449706496,2005.5,1.2249212206092959,1900775585.6600888,2790368.6201609005,1.0,2.035618346433182,85.46035220376082,4473.088795230227,1.09707386023005,0.2511397696193271,22365.44397615114,-31484.43599694781,-6339143.137869331
42,87.53459357277883,0.5982787782310217,31.056591383941893,0.0,13.903442443537957,0.0,90.0,239.49119490597946,490403.44244353793,2078.7573375783504,5600000.0,520403.44244353793,0.0,0.0,468335.2875335787,1985.2132573873246,1.2249137805045434,1993744968.2480896,3053264.5433095293,1.0,2.0742413690180115,87.53459357277883,4692.831536531669,1.0973045769765364,0.2572352804160534,23464.157682658348,-31466.203725685365,-6339143.046249878
43,89.613988657845,0.6529997015222369,31.800795940702418,0.0,13.794000596955527,0.0,90.0,268.383842403741,490294.00059695554,2054.6801313302158,5600000.0,520294.00059695554,0.0,0.0,468230.77057009254,1962.219525420356,1.2249058948342768,2089153920.864338,3331827.255167673,1.0,2.0793950850661673,89.613988657845,4918.405651317909,1.0975353907837875,0.26334593628330244,24592.028256589547,-31447.485484640114,-6339142.952188365
44,91.69338374291117,0.7077206248134515,32.54500049746294,0.0,13.684558750373096,0.0,90.0,297.2764899015024,490184.5587503731,2030.6029250820814,5600000.0,520184.5587503731,0.0,0.0,468126.2536066063,1939.2257934533877,1.224898009214776,2186771776.9239087,3610272.5077010435,1.0,2.0793950850661673,91.69338374291117,5149.273178342364,1.0977663017130652,0.26945659215055145,25746.365891711823,-31428.328972814605,-6339142.855924486
45,93.77277882797732,0.7624415481046662,33.28920505422346,0.0,13.575116903790668,0.0,90.0,326.1691373992637,490075.1169037907,2006.525718833947,5600000.0,520075.1169037907,0.0,0.0,468021.73664312006,1916.2320614864193,1.224890123646041,2286597116.785279,3888600.300909644,1.0,2.079395085066153,93.77277882797732,5385.43401534423,1.097997309825683,0.27556724801780047,26927.170076721148,-31408.734182261862,-6339142.757458203
46,95.83844393592679,0.8192219679633872,34.02654462242563,0.0,13.506864988558352,0.0,90.0,350.53089244851265,489945.0800915332,1989.3135011441648,5600000.0,519945.0800915332,0.0,0.0,467897.55148741417,1899.7943935926774,1.2248819413468406,2387849687.4944615,4177146.8014766816,1.0,2.065665107949471,95.83844393592679,5625.274808538939,1.0982719158860228,0.28163755601377294,28126.374042694693,-31388.832409056835,-6339142.657449292
47,97.87406228235997,0.8805094020495476,34.74886080986967,0.0,13.52875335787484,0.0,90.0,364.9772161973934,489769.9731370013,1987.124664212516,5600000.0,519769.9731370013,0.0,0.0,467730.3243458362,1897.7040543229527,1.224873109629122,2489524585.73676,4488134.467467533,1.0,2.035618346433182,97.87406228235997,5866.733128936995,1.0986419161945786,0.28761956649434295,29333.665644684977,-31368.79168129433,-6339142.556742117
48,99.90968062879315,0.9417968361357081,35.4711769973137,0.0,13.550641727191325,0.0,90.0,379.42353994627405,489594.8661824694,1984.9358272808677,5600000.0,519594.8661824694,0.0,0.0,467563.09720425826,1895.6137150532286,1.2248642779750827,2593283502.073391,4798911.646348397,1.0,2.035618346433182,99.90968062879315,6113.263488704937,1.099012165888305,0.293601576974913,30566.317443524687,-31348.33091063425,-6339142.453924174
49,101.94529897522635,1.0030842702218685,36.193493184757735,0.0,13.57253009650781,0.0,90.0,393.8698636951547,489419.7592279375,1982.746990349219,5600000.0,519419.7592279375,0.0,0.0,467395.8700626803,1893.523375783504,1.2248554463847217,2699124259.710201,5109478.338119273,1.0,2.0356183464331963,101.94529897522635,6364.865778092932,1.0993826652194207,0.2995835874554831,31824.328890464658,-31327.45008894801,-6339142.348995422
50,103.98091732165953,1.064371704308029,36.91580937220177,0.0,13.594418465824296,0.0,90.0,408.3161874440354,489244.65227340563,1980.5581534175703,5600000.0,519244.65227340563,0.0,0.0,467228.64292110235,1891.4330365137796,1.2248466148580388,2807044681.853036,5419834.54278016,1.0,2.035618346433182,103.98091732165953,6621.5398873527265,1.0997534144404841,0.30556559793605315,33107.69943676363,-31306.149207932875,-6339142.241955819
51,106.01653566809273,1.1305511889364246,37.63812555964581,0.0,13.616306835140781,0.0,90.0,422.7625111929162,489069.5453188737,1978.369316485922,5600000.0,519069.5453188737,0.0,0.0,467061.41577952437,1889.3426972440554,1.2248370784577844,2917042591.707743,5754882.428388378,1.0,2.0356183464331963,106.01653566809273,6883.281745164491,1.100124413804395,0.31154760841662327,34416.40872582245,-31284.423390658572,-6339142.132780857
52,108.05215401452593,1.1984051338175308,38.360441747089844,0.0,13.638195204457267,0.0,90.0,437.20883494179685,488894.43836434186,1976.1804795542732,5600000.0,518894.43836434186,0.0,0.0,466894.18863794644,1887.2523579743308,1.2248273008465038,3029115812.48017,6098223.710979198,1.0,2.0356183464331963,108.05215401452593,7150.093487697921,1.1004956635643937,0.31752961889719333,35750.467438489606,-31262.275830489583,-6339142.021486585
53,110.08777236095911,1.266259078698637,39.08275793453388,0.0,13.660083573773754,0.0,90.0,451.6551586906776,488719.33140981,1973.9916426226246,5600000.0,518719.33140981,0.0,0.0,466726.9614963685,1885.1620187046065,1.2248175233132759,3143262167.37616,6441331.954269673,1.0,2.035618346433182,110.08777236095911,7421.976297868853,1.1008671639740633,0.3235116293777634,37109.88148934427,-31239.70818499755,-6339141.908081331
54,112.1233907073923,1.3341130235797438,39.80507412197792,0.0,13.68197194309024,0.0,90.0,466.10148243955837,488544.2244552781,1971.802805690976,5600000.0,518544.2244552781,0.0,0.0,466559.73435479053,1883.0716794348818,1.2248077458580997,3259479479.601563,6784207.158259807,1.0,2.0356183464331963,112.1233907073923,7698.93005418255,1.1012389152873292,0.32949363985833346,38494.65027091275,-31216.720445211045,-6339141.7925650515
55,114.1590090538255,1.4031250621828677,40.52739030942195,0.0,13.703860312406725,0.0,90.0,480.54780618843904,488369.1175007462,1969.6139687593275,5600000.0,518369.1175007462,0.0,0.0,466392.5072132126,1880.9813401651577,1.2247978016067702,3377765572.362224,7132736.451280254,1.0,2.0356183464331963,114.1590090538255,7980.953547770581,1.1016109177584594,0.3354756503389036,39904.767738852905,-31193.31144944951,-6339141.674931907
56,116.19462740025868,1.4775455178589196,41.24970649686598,0.0,13.72574868172321,0.0,90.0,494.9941299373197,488194.0105462143,1967.4251318276788,5600000.0,518194.0105462143,0.0,0.0,466225.2800716346,1878.891000895433,1.2247870781230663,3498118268.8639884,7508512.936436652,1.0,2.035618346433182,116.19462740025868,8268.042405458758,1.1019831716420665,0.3414576608194736,41340.2120272938,-31169.47695839964,-6339141.555160595
57,118.23024574669186,1.5519659735349716,41.97202268431002,0.0,13.747637051039698,0.0,90.0,509.4404536862004,488018.90359168244,1965.2362948960304,5600000.0,518018.90359168244,0.0,0.0,466058.0529300567,1876.800661625709,1.22477635473325,3620535392.3127046,7884033.83010235,1.0,2.035618346433182,118.23024574669186,8560.201392717421,1.102355677193107,0.34743967130004366,42801.006963587104,-31145.22234504111,-6339141.4332781155
58,120.26586409312506,1.6263864292110237,42.694338871754056,0.0,13.769525420356183,0.0,90.0,523.8867774350811,487843.7966371505,1963.0474579643817,5600000.0,517843.7966371505,0.0,0.0,465890.8257884787,1874.7103223559845,1.22476563143732,3745014765.914219,8259299.132277348,1.0,2.0356183464331963,120.26586409312506,8857.430376308881,1.1027284346668813,0.35342168178061373,44287.1518815444,-31120.547599731945,-6339141.309284421
59,122.30148243955826,1.700806884887076,43.41665505919809,0.0,13.79141378967267,0.0,90.0,538.3331011839618,487668.68968261866,1960.858621032733,5600000.0,517668.68968261866,0.0,0.0,465723.5986469008,1872.61998308626,1.224754908235276,3871554212.874378,8634308.84296165,1.0,2.0356183464331963,122.30148243955826,9159.729222997787,1.1031014443190366,0.35940369226118385,45798.64611498894,-31095.45271266438,-6339141.1831794605
60,124.33710078599144,1.7792179882598749,44.13897124664213,0.0,13.813302158989156,0.0,90.0,552.7794249328425,487493.58272808674,1958.6697841010844,5600000.0,517493.58272808674,0.0,0.0,465556.3715053228,1870.5296438165356,1.2247436101245974,4000151556.399027,9029315.014125315,1.0,2.035618346433182,124.33710078599144,9467.093354863686,1.1034747064055654,0.3653857027417539,47335.466774318425,-31069.933702187613,-6339141.054943227
61,126.37271913242463,1.8602049547308726,44.861287434086165,0.0,13.835190528305642,0.0,90.0,567.2257486817232,487318.4757735549,1956.480947169436,5600000.0,517318.4757735549,0.0,0.0,465389.1443637449,1868.4393045468112,1.2247319409719901,4130804619.694014,9437119.65702186,1.0,2.0356183464331963,126.37271913242463,9779.523826379707,1.1038482211828073,0.371367713222324,48897.61913189854,-31043.991966131143,-6339140.924582744
62,128.40833747885785,1.9411919212018711,45.5836036215302,0.0,13.857078897622127,0.0,90.0,581.672072430604,487143.36881902296,1954.2921102377873,5600000.0,517143.36881902296,0.0,0.0,465221.9172221669,1866.3489652770868,1.2247202719305643,4263511225.965186,9844646.15623735,1.0,2.0356183464332105,128.40833747885785,10097.023268358731,1.1042219889074487,0.3773497237028941,50485.11634179366,-31017.630057777278,-6339140.792110843
63,130.44395582529103,2.022178887672869,46.30591980897424,0.0,13.878967266938613,0.0,90.0,596.1183961794846,486968.2618644911,1952.1032733061386,5600000.0,516968.2618644911,0.0,0.0,465054.690080589,1864.2586260073622,1.2247086030003194,4398269198.418387,10251894.511771783,1.0,2.035618346433182,130.44395582529103,10419.59153582675,1.1045960098365233,0.38333173418346417,52097.95767913375,-30990.847966645844,-6339140.657527471
64,132.48470798925482,2.1034225450203965,47.02652472390807,0.0,13.901711272510198,0.0,90.0,614.8771266540646,486793.1549099592,1949.4010546214306,5600000.0,516793.1549099592,0.0,0.0,464887.462939011,1861.6780071634662,1.2246968971967216,4535427851.510562,10660165.635449745,1.0,2.040752163963788,132.48470798925482,10748.061123550182,1.1049702842274143,0.3893288312593811,53740.305617750906,-30963.576494686306,-6339140.520484898
65,134.6516565515869,2.19097602228634,47.70506417271913,0.0,13.945488011143171,0.0,90.0,739.6408317580341,486618.0479554273,1934.0791960998906,5600000.0,516618.0479554273,0.0,0.0,464720.23579743307,1847.0456322753955,1.224684282382638,4683418636.861028,11100125.126432754,1.0,2.166948562332095,134.6516565515869,11102.417376011776,1.105344812337853,0.395696777899988,55512.08688005887,-30934.155016729608,-6339140.372638275
66,136.818605113919,2.2785294995522833,48.3836036215302,0.0,13.989264749776142,0.0,90.0,864.4045368620036,486442.94100089546,1918.7573375783504,5600000.0,516442.94100089546,0.0,0.0,464553.00865585514,1832.4132573873246,1.2246716676984917,4833733101.511528,11539783.921544356,1.0,2.166948562332095,136.818605113919,11462.516976540997,1.1057195944259206,0.4020647245405948,57312.58488270499,-30904.25735229347,-6339140.222398755
67,138.98555367625113,2.3660829768182277,49.062143070341264,0.0,14.033041488409113,0.0,90.0,989.1682419659742,486267.83404636354,1903.4354790568102,5600000.0,516267.83404636354,0.0,0.0,464385.78151427716,1817.7808824992537,1.224659053144281,4986368778.730705,11979142.020784548,1.0,2.1669485623321236,138.98555367625113,11828.359747549459,1.1060946307500483,0.4084326711812017,59141.79873774729,-30873.883487904444,-6339140.069766271
68,141.15250223858325,2.453636454084171,49.74068251915233,0.0,14.076818227042086,0.0,90.0,1113.9319470699436,486092.7270918317,1888.11362053527,5600000.0,516092.7270918317,0.0,0.0,464218.55437269923,1803.1485076111828,1.2246464387200047,5141323201.787206,12418199.424153324,1.0,2.1669485623321236,141.15250223858325,12199.945511452426,1.1064699215690181,0.4148006178218086,60999.72755726213,-30843.033409880474,-6339139.914740753
69,143.27826086956523,2.546338672768879,50.48100686498856,0.0,14.110297482837527,0.0,90.0,1187.8260869565217,485897.02517162473,1878.970251716247,5600000.0,515897.02517162473,0.0,0.0,464031.6590389016,1794.416590389016,1.2246330826231926,5295337322.13217,12882491.517170392,1.0,2.125758630981977,143.27826086956523,12570.038112111679,1.1068896531777248,0.42104752084858565,62850.190560558396,-30812.30022206623,-6339139.760302624
70,145.3576559546314,2.644836334693066,51.290876529698544,0.0,14.132185852154015,0.0,90.0,1204.4612476370512,485678.1414784599,1876.7814147845986,5600000.0,515678.1414784599,0.0,0.0,463822.62511192914,1792.3262511192916,1.2246188917059613,5447842571.400411,13375135.829273544,1.0,2.0793950850661815,145.3576559546314,12937.393298947109,1.1073594813044687,0.4271581767158347,64686.966494735534,-30781.786131427623,-6339139.606965484
71,147.43705103969756,2.7433339966172525,52.10074619440852,0.0,14.1540742214705,0.0,90.0,1221.0964083175804,485459.257785295,1874.59257785295,5600000.0,515459.257785295,0.0,0.0,463613.5911849567,1790.2359118495672,1.2246047009531729,5602445235.275283,13867357.28780752,1.0,2.079395085066153,147.43705103969756,13310.035018923934,1.1078297084451556,0.4332688325830837,66550.17509461967,-30750.83349317219,-6339139.451424588
72,149.51644612476372,2.841831658541439,52.910615859118494,0.0,14.175962590786986,0.0,90.0,1237.7315689981097,485240.3740921301,1872.4037409213013,5600000.0,515240.3740921301,0.0,0.0,463404.55725798424,1788.1455725798426,1.2245905103648254,5759142474.473746,14359155.892772323,1.0,2.079395085066153,149.51644612476372,13687.96308811482,1.1083003351083118,0.4393794884503327,68439.8154405741,-30719.442294457927,-6339139.293679872
73,151.59584120982987,2.940329320465626,53.72048552382847,0.0,14.197850960103471,0.0,90.0,1254.3667296786389,485021.49039896525,1870.2149039896528,5600000.0,515021.49039896525,0.0,0.0,463195.5233310118,1786.0552333101184,1.2245763199409168,5917931449.712757,14850531.644167956,1.0,2.079395085066153,151.59584120982987,14071.177322596679,1.1087713618033268,0.44549014431758166,70355.88661298339,-30687.61252226215,-6339139.133731267
74,153.67523629489605,3.0447487812157994,54.53035518853845,0.0,14.219739329419959,0.0,90.0,1271.0018903591683,484802.6067058004,1868.0260670580042,5600000.0,514802.6067058004,0.0,0.0,462986.48940403934,1783.9648940403938,1.2245612765510858,6078809321.709274,15371380.678127253,1.0,2.0793950850661815,153.67523629489605,14459.667464654036,1.1092427890404575,0.45160080018483073,72298.33732327017,-30655.33826896455,-6339138.97154909
75,155.7546313799622,3.1498129539349318,55.34022485324843,0.0,14.241627698736444,0.0,90.0,1287.6370510396976,484583.72301263554,1865.8372301263555,5600000.0,514583.72301263554,0.0,0.0,462777.4554770669,1781.8745547706694,1.2245461404661055,6241773251.18025,15895034.873436375,1.0,2.079395085066153,155.7546313799622,14853.441728878139,1.109714617330828,0.4577114560520797,74267.2086443907,-30622.624773733318,-6339138.807159667
76,157.8340264650284,3.2548771266540655,56.15009451795842,0.0,14.263516068052931,0.0,90.0,1304.272211720227,484364.8393194707,1863.648393194707,5600000.0,514364.8393194707,0.0,0.0,462568.4215500945,1779.7842155009453,1.2245310045682134,6406820398.842645,16418238.024938384,1.0,2.0793950850661815,157.8340264650284,15252.500986386782,1.1101868471864336,0.46382211191932876,76262.50493193392,-30589.472664717585,-6339138.640566154
77,159.91342155009454,3.359941299373198,56.9599641826684,0.0,14.285404437369417,0.0,90.0,1320.9073724007562,484145.95562630583,1861.4595562630584,5600000.0,514145.95562630583,0.0,0.0,462359.3876231221,1777.6938762312207,1.2245158688574074,6573947925.413411,16940990.132633265,1.0,2.079395085066153,159.91342155009454,15656.845041025324,1.1106594791201405,0.4699327677865777,78284.22520512663,-30555.881928164512,-6339138.4717684835
78,161.9928166351607,3.4679225947666907,57.76983384737838,0.0,14.307292806685902,0.0,90.0,1337.5425330812855,483927.071933141,1859.2707193314097,5600000.0,513927.071933141,0.0,0.0,462150.3536961496,1775.6035369614963,1.2245003130962446,6743152991.609506,17477993.211605463,1.0,2.079395085066153,161.9928166351607,16066.468182777317,1.1111325136456889,0.4760434236538267,80332.34091388658,-30521.849646382034,-6339138.300751992
79,164.07221172022687,3.5817421152124176,58.57970351208836,0.0,14.329181176002388,0.0,90.0,1354.177693761815,483708.1882399761,1857.0818823997613,5600000.0,513708.1882399761,0.0,0.0,461941.3197691772,1773.513197691772,1.224483916495622,6914432758.147891,18043944.279116966,1.0,2.0793950850661815,164.07221172022687,16481.364124348787,1.1116059512776948,0.48215407952107575,82406.82062174393,-30487.37289740611,-6339138.127501997
80,166.15160680529303,3.695561635658144,59.389573176798336,0.0,14.351069545318873,0.0,90.0,1370.8128544423441,483489.30454681127,1854.8930454681126,5600000.0,513489.30454681127,0.0,0.0,461732.28584220476,1771.4228584220475,1.224467520114557,7087784385.745515,18609406.715837426,1.0,2.079395085066153,166.15160680529303,16901.543407179783,1.1120797925316512,0.4882647353883247,84507.71703589891,-30452.457478341646,-6339137.95204763
81,168.23100189035918,3.8093811561038704,60.19944284150831,0.0,14.37295791463536,0.0,90.0,1387.4480151228734,483270.4208536464,1852.704208536464,5600000.0,513270.4208536464,0.0,0.0,461523.2519152323,1769.332519152323,1.2244511239530467,7263205035.119338,19174380.52176684,1.0,2.079395085066153,168.23100189035918,17327.00581880827,1.112554037923931,0.49437539125557367,86635.02909404137,-30417.103374702856,-6339137.774388817
82,170.31039697542533,3.9232006765495973,61.009312506218286,0.0,14.394846283951846,0.0,90.0,1404.0831758034026,483051.53716048156,1850.5153716048155,5600000.0,513051.53716048156,0.0,0.0,461314.21798825986,1767.2421798825987,1.2244347280110883,7440691866.986318,19738865.696905214,1.0,2.079395085066153,170.31039697542533,17757.751146777904,1.1130286879717879,0.5004860471228226,88788.75573388953,-30381.31057181675,-6339137.594525486
83,172.3897920604915,4.042040592975823,61.819182170928265,0.0,14.416734653268332,0.0,90.0,1420.7183364839318,482832.6534673167,1848.3265346731669,5600000.0,512832.6534673167,0.0,0.0,461105.18406128744,1765.1518406128744,1.2244176091047896,7620242042.063409,20328110.667818375,1.0,2.079395085066153,172.3897920604915,18193.768432761684,1.1135037431933588,0.5065967029900716,90968.84216380841,-30345.074057165533,-6339137.412432448
84,174.46918714555767,4.162426624216495,62.62905183563824,0.0,14.438623022584817,0.0,90.0,1437.3534971644613,482613.76977415185,1846.1376977415182,5600000.0,512613.76977415185,0.0,0.0,460896.150134315,1763.0615013431498,1.224400267724471,7801852721.067571,20924617.811231162,1.0,2.0793950850661815,174.46918714555767,18635.064299249552,1.1139792041076655,0.5127073588573207,93175.32149624775,-30308.397274131887,-6339137.2281270055
85,176.54858223062385,4.282812655457169,63.438921500348236,0.0,14.460511391901303,0.0,90.0,1453.9886578449907,482394.88608098694,1843.9488608098695,5600000.0,512394.88608098694,0.0,0.0,460687.1162073425,1760.9711620734254,1.2243829265897577,7985521064.715757,21520608.133614965,1.0,2.0793950850661815,176.54858223062385,19081.64175162254,1.1144550712346168,0.5188180147245698,95408.20875811271,-30271.28174659703,-6339137.041616817
86,178.62797731569,4.403198686697842,64.24879116505821,0.0,14.48239976121779,0.0,90.0,1470.62381852552,482176.0023878221,1841.760023878221,5600000.0,512176.0023878221,0.0,0.0,460478.08228037006,1758.880822803701,1.224365585700646,8171244233.724924,22116081.63496978,1.0,2.079395085066153,178.62797731569,19533.50056520633,1.1149313450950105,0.5249286705918187,97667.50282603166,-30233.727459156886,-6339136.852901805
87,180.67735548701623,4.555745696945579,64.95574569694558,0.0,14.512864391602825,0.0,90.0,1521.5640234802518,481957.1186946572,1836.9983086260072,5600000.0,511957.1186946572,0.0,0.0,460269.04835339764,1754.3333847378367,1.2243436125672842,8356242621.916606,22872505.220865067,1.0,2.049378171326225,180.67735548701623,19983.9242499293,1.1154080262105341,0.530951116656429,99919.62124964649,-30196.252215942368,-6339136.664584
88,182.60353198686698,4.840294498059896,65.2402944980599,0.0,14.578529499552284,0.0,90.0,1713.3061386926681,481738.2350014924,1821.6764501044672,5600000.0,511738.2350014924,0.0,0.0,460060.0144264252,1739.701009849766,1.2243026267230677,8531712620.2987795,24290716.689607244,1.0,1.9261764998507545,182.60353198686698,20411.603935452822,1.1158851151037685,0.5366115136703017,102058.0196772641,-30160.500764932483,-6339136.484928467
89,184.52970848671774,5.124843299174212,65.52484329917422,0.0,14.644194607501742,0.0,90.0,1905.0482539050845,481519.3513083275,1806.354591582927,5600000.0,511519.3513083275,0.0,0.0,459850.98049945274,1725.0686349616951,1.224261642250884,8708927272.868752,25707706.581371803,1.0,1.9261764998507545,184.52970848671774,20843.797166334563,1.1163626122981893,0.5422719106841745,104218.98583167282,-30124.37278791517,-6339136.303380844
90,186.4558849865685,5.409392100288528,65.80939210028853,0.0,14.709859715451199,0.0,90.0,2096.7903691175006,481300.46761516266,1791.032733061387,5600000.0,511300.46761516266,0.0,0.0,459641.9465724803,1710.4362600736245,1.2242206591506872,8887884143.348637,27123474.896158755,1.0,1.9261764998507545,186.4558849865685,21280.503487852748,1.1168405183181676,0.5479323076980472,106402.51743926373,-30087.86827202607,-6339136.119941065
91,188.38206148641925,5.693940901402845,66.09394090140285,0.0,14.775524823400657,0.0,90.0,2288.5324843299168,481081.5839219978,1775.7108745398468,5600000.0,511081.5839219978,0.0,0.0,459432.9126455079,1695.8038851855536,1.224179677422431,9068580795.460558,28538021.633968104,1.0,1.9261764998507545,188.38206148641925,21721.72244531609,1.1173188336889732,0.5535927047119199,108608.61222658043,-30050.987204263918,-6339135.934609067
92,190.39061784897027,5.898855835240276,66.69427917620139,0.06864988558352536,14.813729977116706,0.0013729977116705072,89.86270022883295,2370.70938215103,480835.2402745995,1769.3135011441648,5600000.0,510835.2402745995,0.0,0.0,459197.6544622425,1689.6943935926772,1.2241501656960903,9258527918.08498,29550804.425676163,1.0,2.008556362551019,190.39061784897027,22186.857114503506,1.117857646157451,0.5594951889534522,110934.28557251752,-30012.219115257263,-6339135.739794549
93,192.44812456471993,6.056452094318974,67.48226047159487,0.17809173216595475,14.835618346433192,0.0035618346433190953,89.6438165356681,2387.782310217889,480572.57984280173,1768.2190826783406,5600000.0,510572.57984280173,0.0,0.0,458946.81374987564,1688.6492239578151,1.2241274692610054,9454854679.237713,30324695.54897339,1.0,2.0575067157496676,192.44812456471993,22668.564250530835,1.1184327200717583,0.5655415221273618,113342.82125265418,-29972.133726776578,-6339135.538360436
94,194.50563128046963,6.214048353397673,68.27024176698836,0.28753357874838414,14.857506715749677,0.005750671574967683,89.42493284250324,2404.855238284748,480309.9194110039,1767.124664212516,5600000.0,510309.9194110039,0.0,0.0,458695.97303750867,1687.6040543229528,1.2241047732467252,9653134856.80634,31097774.793417804,1.0,2.057506715749696,194.50563128046963,23155.435560902763,1.1190083859759796,0.5715878553012713,115777.1778045138,-29931.61864454206,-6339135.334767058
95,196.5631379962193,6.371644612476371,69.05822306238186,0.39697542533081354,14.879395085066163,0.007939508506616271,89.20604914933837,2421.9281663516067,480047.25897920603,1766.030245746692,5600000.0,510047.25897920603,0.0,0.0,458445.13232514175,1686.5588846880908,1.2240820776532417,9853365115.002932,31870042.159009404,1.0,2.0575067157496676,196.5631379962193,23647.470757882234,1.119584644784691,0.5776341884751808,118237.35378941115,-29890.673852084205,-6339135.129014332
96,198.62064471196896,6.529754253308129,69.84620435777535,0.5064172719132429,14.901283454382648,0.010128345438264859,89.0,2439.001094418466,479784.59854740824,1764.9358272808677,5600000.0,509784.59854740824,0.0,0.0,458194.29161277483,1685.5137150532285,1.224059308549991,10055542118.039577,32644064.184433702,1.0,2.0575067157496676,198.62064471196896,24144.668095456753,1.1201614974143532,0.5836805216490903,120723.34047728377,-29849.298821630888,-6339134.921099606
97,200.67815142771863,6.696105860113422,70.63418565316884,0.6158591184956723,14.923171823699136,0.012317182369913447,89.0,2456.074022485325,479521.9381156104,1763.8414088150432,5600000.0,509521.9381156104,0.0,0.0,457943.4509004079,1684.4685454183661,1.2240353529923116,10259662530.128359,33458454.344945632,1.0,2.0575067157496676,200.67815142771863,24647.004784705085,1.120738944783317,0.5897268548229998,123235.02392352543,-29807.485841454938,-6339134.710984128
98,202.73565814346833,6.862457466918714,71.42216694856234,0.7253009650781017,14.945060193015621,0.014506019301562034,89.0,2473.146950552184,479259.27768381254,1762.746990349219,5600000.0,509259.27768381254,0.0,0.0,457692.61018804094,1683.423375783504,1.2240113979034568,10465723015.481356,34271987.52222403,1.0,2.057506715749696,202.73565814346833,25154.503451586115,1.1213169878118276,0.5957731879969095,125772.51725793058,-29765.243100387976,-6339134.498709047
99,204.793164859218,7.028809073724007,72.21014824395583,0.8347428116605311,14.966948562332107,0.016694856233210622,89.0,2490.219878619043,478996.61725201475,1761.6525718833948,5600000.0,508996.61725201475,0.0,0.0,457441.7694756741,1682.378206148642,1.223987443283417,10673720238.310646,35084663.71626892,1.0,2.0575067157496676,204.793164859218,25667.16379245367,1.1218956274220295,0.6018195211708189,128335.81896226834,-29722.57058126293,-6339134.284274277
100,206.85067157496766,7.1951606805293,72.99812953934932,0.9441846582429605,14.988836931648592,0.01888369316485921,89.0,2507.2928066859017,478733.9568202169,1760.5581534175703,5600000.0,508733.9568202169,0.0,0.0,457190.9287633071,1681.3330365137797,1.2239634891321833,10883650862.828312,35896482.927080266,1.0,2.0575067157496676,206.85067157496766,26184.985503673495,1.1224748645379727,0.6078658543447285,130924.92751836748,-29679.46826673951,-6339134.067679732
101,208.90817829071736,7.3658024077206266,73.78611083474283,1.0536265048253917,15.010725300965078,0.021072530096507832,89.0,2524.365734752761,478471.29638841905,1759.4637349517461,5600000.0,508471.29638841905,0.0,0.0,456940.0880509402,1680.2878668789174,1.2239389177030842,11095511553.246439,36728837.41111717,1.0,2.057506715749696,208.90817829071736,26707.954801579664,1.1230547000856148,0.6139121875186381,133539.77400789832,-29635.93186765071,-6339133.848903857
102,210.96568500646706,7.540909362252514,74.57409213013632,1.163068351407821,15.032613670281565,0.02326136702815642,89.0,2541.4386628196203,478208.6359566212,1758.369316485922,5600000.0,508208.6359566212,0.0,0.0,456689.2473385732,1679.2426972440553,1.223913703819691,11309298973.777107,37582566.71894081,1.0,2.057506715749696,210.96568500646706,27236.07002180348,1.1236351349928293,0.6199585206925476,136180.3501090174,-29591.961191772483,-6339133.627945688
103,213.02319172221672,7.716016316784401,75.3620734255298,1.2725101979902504,15.05450203959805,0.025450203959805007,89.0,2558.511590886479,477945.9755248234,1757.2748980200975,5600000.0,507945.9755248234,0.0,0.0,456438.40662620636,1678.197527609193,1.2238884904557192,11525009788.632391,38435393.939150214,1.0,2.0575067157496676,213.02319172221672,27769.344600324246,1.124216170189408,0.6260048538664572,138846.72300162123,-29547.560667177662,-6339133.404827474
104,215.0806984379664,7.891123271316288,76.1500547209233,1.3819520445726798,15.076390408914536,0.027639040891453595,89.0,2575.584518953338,477683.31509302557,1756.1804795542732,5600000.0,507683.31509302557,0.0,0.0,456187.5659138394,1677.152357974331,1.223863277611158,11742640662.024378,39287319.07174538,1.0,2.0575067157496676,215.0806984379664,28307.778217611634,1.1247978066070672,0.6320511870403667,141538.89108805818,-29502.730275819078,-6339133.179549125
105,217.13820515371606,8.066230225848175,76.93803601631679,1.4913938911551092,15.098278778231021,0.029827877823102183,89.0,2592.657447020197,477420.6546612277,1755.086061088449,5600000.0,507420.6546612277,0.0,0.0,455936.72520147247,1676.1071883394688,1.2238380652859966,11962188258.165148,40138342.11672632,1.0,2.0575067157496676,217.13820515371606,28851.3705541485,1.1253800451794522,0.6380975202142762,144256.8527707425,-29457.4699994782,-6339132.95211055
106,219.19571186946573,8.249404039399066,77.72601731171028,1.6008357377375386,15.120167147547507,0.03201671475475077,89.0,2609.730375087056,477157.9942294299,1753.9916426226246,5600000.0,507157.9942294299,0.0,0.0,455685.88448910555,1675.0620187046063,1.2238116920306867,12183649241.266783,41028583.76637721,1.0,2.0575067157496676,219.19571186946573,29400.093388487203,1.1259628868421427,0.6441438533881857,147000.466942436,-29411.771787066013,-6339132.722471292
107,221.2532185852154,8.433266341657546,78.51399860710377,1.710277584319968,15.142055516863993,0.03420555168639936,89.0,2626.803303153915,476895.3337976321,1752.8972241568003,5600000.0,506895.3337976321,0.0,0.0,455435.04377673863,1674.0168490697442,1.2237852202187298,12407020275.54136,41921304.21046238,1.0,2.0575067157496676,221.2532185852154,29953.970825510405,1.1265463325326577,0.6501901865620953,149769.85412755204,-29365.642966888845,-6339132.490668176
108,223.3107253009651,8.61712864391603,79.30197990249727,1.8197194309023992,15.16394388618048,0.03639438861804799,89.0,2643.876231220774,476632.6733658342,1751.802805690976,5600000.0,506632.6733658342,0.0,0.0,455184.20306437166,1672.971679434882,1.2237587489793746,12632298025.20097,42813077.462552615,1.0,2.057506715749696,223.3107253009651,30513.004866726907,1.1271303831904598,0.6562365197360048,152565.02433363453,-29319.084205761552,-6339132.256704551
109,225.36823201671476,8.800990946174512,80.08996119789076,1.9291612774848286,15.185832255496965,0.03858322554969657,89.0,2660.9491592876334,476370.01293403644,1750.7083872251517,5600000.0,506370.01293403644,0.0,0.0,454933.3623520048,1671.9265098000199,1.223732278312609,12859479154.457684,43703903.522647895,1.0,2.0575067157496676,225.36823201671476,31077.195176737227,1.1277150397569609,0.6622828529099143,155385.97588368613,-29272.095484757796,-6339132.020580325
110,227.35625310914338,9.041985872052535,80.71580937220176,1.8455875037309681,15.20772062481345,0.036911750074619366,89.07720624813452,2772.985772559947,476107.3525022386,1743.0514376678937,5600000.0,506107.3525022386,0.0,0.0,454682.5216396378,1664.6141229728385,1.2236975831256671,13080563626.335453,44877344.0377397,1.0,1.9880210924286246,227.35625310914338,31626.993791593664,1.128300303175528,0.6681249907700589,158134.96895796832,-29226.222135947086,-6339131.790060985
111,229.21676450104468,9.387822107253012,81.04413491194906,1.4078201174012506,15.229608994129936,0.028156402348025012,89.29608994129937,3059.285643219582,475844.69207044074,1723.3519052830563,5600000.0,505844.69207044074,0.0,0.0,454431.6809272709,1645.8010695453188,1.2236477960249588,13288622292.909801,46569623.22083098,1.0,1.8605113919012979,229.21676450104468,32145.426522856276,1.1288861743914873,0.6735924197039134,160727.13261428138,-29182.807611495256,-6339131.571897545
112,231.07727589294598,9.73365834245349,81.37246045169634,0.970052731071533,15.251497363446424,0.01940105462143066,89.51497363446424,3345.5855138792176,475582.03163864295,1703.652372898219,5600000.0,505582.03163864295,0.0,0.0,454180.840214904,1626.9880161177991,1.2235980109498776,13498207913.674435,48260120.78088416,1.0,1.8605113919012979,231.07727589294598,32668.052503821513,1.129472654352128,0.6790598486377677,163340.26251910755,-29139.04146833252,-6339131.351967177
113,232.93778728484727,10.079494577653966,81.70078599144364,0.5322853447418154,15.27338573276291,0.01064570689483631,89.7338573276291,3631.8853845388526,475319.3712068451,1683.9528405133817,5600000.0,505319.3712068451,0.0,0.0,453929.9995025371,1608.1749626902795,1.2235482279003416,13709317761.030016,49948836.717899196,1.0,1.8605113919012979,232.93778728484727,33194.871220095694,1.1300597440067115,0.684527277571622,165974.35610047847,-29094.923691911623,-6339131.130269809
114,234.79829867674857,10.425330812854442,82.02911153119092,0.09451795841209787,15.295274102079397,0.0018903591682419563,89.95274102079395,3918.185255198488,475056.71077504725,1664.2533081285444,5600000.0,505056.71077504725,0.0,0.0,453679.1587901701,1589.3619092627598,1.2234984468762682,13921949107.377216,51635771.03187613,1.0,1.8605113919012979,234.79829867674857,33725.88215732708,1.1306474443064711,0.6899947065054763,168629.41078663545,-29050.454267567955,-6339130.906805364
115,236.76178489702517,10.675057208237986,82.6320366132723,0.48054919908466753,15.317162471395882,0.01201372997711669,89.65675057208239,3994.588100686499,474742.56292906177,1659.141876430206,5600000.0,504742.56292906177,0.0,0.0,453379.14759725396,1584.4804919908465,1.223462501538783,14146960589.271696,52839757.435699634,1.0,1.963486220276593,236.76178489702517,34291.29434078158,1.1313511504832134,0.695764744473905,171456.47170390788,-29003.256948038936,-6339130.669632904
116,238.75362650482538,10.898318575266142,83.31057606208337,1.0934235399462722,15.339050840712368,0.027335588498656808,89.21898318575266,4013.193214605512,474414.2373893145,1658.0474579643817,5600000.0,504414.2373893145,0.0,0.0,453065.59670679533,1583.4353223559845,1.2234303664419215,14376636578.519314,53909773.944995224,1.0,1.991841607800211,238.75362650482538,34869.78053691396,1.1320875521340639,0.7016181095677961,174348.90268456982,-28955.007776964456,-6339130.427174758
117,240.74546811262564,11.121579942294302,83.98911551089445,1.7062978808078866,15.360939210028853,0.04265744702019717,88.78121579942294,4031.798328524525,474085.9118495672,1656.9530394985572,5600000.0,504085.9118495672,0.0,0.0,452752.04581633664,1582.3901527211221,1.2233982321891108,14608001520.855108,54978352.75215563,1.0,1.9918416078002679,240.74546811262564,35453.09007120851,1.1328249130637353,0.7074714746616875,177265.4503560426,-28906.355512476526,-6339130.182691017
118,242.73730972042586,11.344841309322458,84.66765495970552,2.319172221669491,15.382827579345339,0.05797930554173729,88.34344841309323,4050.403442443538,473757.5863098199,1655.858621032733,5600000.0,503757.5863098199,0.0,0.0,452438.49492587795,1581.34498308626,1.2233660987803288,14841051508.450335,56045493.857180834,1.0,1.991841607800211,242.73730972042586,36041.22256240229,1.133563235147866,0.7133248397555786,180206.11281201144,-28857.300136039034,-6339129.936181588
119,244.72915132822607,11.569989055815343,85.34619440851657,2.9320465625310956,15.404715948661826,0.0733011640632774,88.0,4069.008556362551,473429.26077007264,1654.7642025669088,5600000.0,503429.26077007264,0.0,0.0,452124.9440354193,1580.2998134513978,1.2233336947247508,15075782633.476263,57120510.22977138,1.0,1.991841607800211,244.72915132822607,36634.16949914031,1.1343025202669872,0.7191782048494697,183170.84749570157,-28807.83975021355,-6339129.687636936
120,246.72099293602628,11.802005770570094,86.02473385732763,3.5449209033927005,15.426604317978311,0.08862302258481752,88.0,4087.6136702815643,473100.9352303253,1653.6697841010844,5600000.0,503100.9352303253,0.0,0.0,451811.3931449607,1579.2546438165355,1.2233003029610854,15312190988.104158,58227966.420457706,1.0,1.991841607800211,246.72099293602628,37231.90827735267,1.1350427703065402,0.7250315699433608,186159.54138676336,-28757.96937356703,-6339129.437032028
121,248.7128345438265,12.034022485324844,86.7032733061387,4.157795244254305,15.448492687294797,0.10394488110635763,88.0,4106.218784200577,472772.6096905781,1652.5753656352601,5600000.0,502772.6096905781,0.0,0.0,451497.84225450206,1578.2094741816734,1.2232669121088717,15550272664.50529,59333928.52853295,1.0,1.991841607800211,248.7128345438265,37834.46762636333,1.1357839871568902,0.7308849350372519,189172.33813181665,-28707.695828161202,-6339129.184401146
122,250.7046761516267,12.266039200079595,87.38181275494975,4.770669585115909,15.470381056611282,0.11926673962789774,88.0,4124.82389811959,472444.28415083076,1651.480947169436,5600000.0,502444.28415083076,0.0,0.0,451184.29136404337,1577.1643045468113,1.2232335221680852,15790023754.85092,60438396.553997114,1.0,1.991841607800211,250.7046761516267,38441.84715009279,1.1365261727133442,0.736738300131143,192209.23575046397,-28657.019094835967,-6339128.929744195
123,252.69651775942694,12.498055914834344,88.06035220376081,5.383543925977514,15.492269425927768,0.13458859814943785,88.0,4143.429012038603,472115.95861108345,1650.3865287036115,5600000.0,502115.95861108345,0.0,0.0,450870.7404735847,1576.119134911949,1.2232001331387008,16031440351.312319,61541370.49685019,1.0,1.9918416078002394,252.69651775942694,39054.04645248317,1.1372693288761662,0.7425916652250343,195270.23226241584,-28605.939154285938,-6339128.673061077
124,254.68835936722718,12.735735747686801,88.7388916525719,5.996418266839129,15.514157795244255,0.14991045667097824,88.0,4162.034125957616,471787.6330713362,1649.2921102377873,5600000.0,501787.6330713362,0.0,0.0,450557.18958312605,1575.0739652770867,1.2231659300871147,16274518546.060753,62670717.744016975,1.0,1.9918416078002394,254.68835936722718,39671.03870669212,1.1380134575505934,0.7484450303189255,198355.19353346058,-28554.45034639258,-6339128.414323349
125,256.6802009750274,12.976507810168146,89.41743110138296,6.609292607700733,15.53604616456074,0.16523231519251835,88.0,4180.639239876629,471459.3075315889,1648.197691771963,5600000.0,501459.3075315889,0.0,0.0,450243.63869266736,1574.0287956422246,1.2231312830267966,16519254431.26748,63813740.90014612,1.0,1.991841607800211,256.6802009750274,40292.83446072937,1.1387585606468529,0.7542983954128166,201464.17230364686,-28502.555211994797,-6339128.153543779
126,258.6720425828276,13.21727987264949,90.09597055019402,7.222166948562338,15.557934533877226,0.18055417371405846,88.0,4199.244353795642,471130.98199184163,1647.1032733061386,5600000.0,501130.98199184163,0.0,0.0,449930.0878022087,1572.9836260073623,1.223096636947882,16765644099.103771,64955213.5931883,1.0,1.991841607800211,258.6720425828276,40919.44751125517,1.139504640080178,0.7601517605067077,204597.23755627585,-28450.256811226718,-6339127.890737745
127,260.6638841906278,13.458051935130834,90.77450999900509,7.835041289423943,15.579822903193712,0.19587603223559857,88.0,4217.8494677146555,470802.6564520943,1646.0088548403144,5600000.0,500802.6564520943,0.0,0.0,449616.53691175004,1571.9384563725002,1.2230619918503423,17013683641.74089,66095135.82314351,1.0,1.991841607800211,260.6638841906278,41550.8774474117,1.140251697770825,0.7660051256005989,207754.38723705852,-28397.55512415804,-6339127.625905147
128,262.655725798428,13.699508506616258,91.45304944781614,8.447915630285548,15.601711272510197,0.21119789075713868,88.0,4236.454581633669,470474.330912347,1644.9144363744902,5600000.0,500474.330912347,0.0,0.0,449302.98602129135,1570.893286737638,1.2230272492431857,17263369151.350105,67236867.14418437,1.0,1.991841607800211,262.655725798428,42187.12046101565,1.140999735644088,0.77185849069449,210935.60230507827,-28344.449448864907,-6339127.359042456
129,264.64756740622823,13.949035916824197,92.1315888966272,9.060789971147152,15.623599641826683,0.2265197492786788,88.0,4255.059695552682,470146.00537259976,1643.8200179086657,5600000.0,500146.00537259976,0.0,0.0,448989.4351308328,1569.8481171027756,1.222991346379336,17514696720.102684,68416629.09550649,1.0,1.991841607800211,264.64756740622823,42828.138769570636,1.1417487556303172,0.7777118557883811,214140.6938478532,-28290.93240744341,-6339127.0901126005
130,266.63940901402844,14.198563327032137,92.81012834543827,9.673664312008757,15.64548801114317,0.2418416078002189,88.0,4273.664809471695,469817.67983285245,1642.7255994428415,5600000.0,499817.67983285245,0.0,0.0,448675.8842403741,1568.8029474679136,1.2229554445694415,17767662440.169888,69594784.20326574,1.0,1.991841607800211,266.63940901402844,43473.97140042005,1.1424987596649354,0.7835652208822723,217369.85700210027,-28237.012018710375,-6339126.819155873
131,268.6312506218287,14.448090737240076,93.48866779424932,10.28653865287036,15.667376380459656,0.257163466321759,88.0,4292.269923390708,469489.3542931052,1641.6311809770173,5600000.0,499489.3542931052,0.0,0.0,448362.33334991545,1567.7577778330515,1.222919543813471,18022262403.722996,70771332.46746214,1.0,1.9918416078002679,268.6312506218287,44124.617927921725,1.1432497496884533,0.7894185859761635,220623.0896396086,-28182.68826211244,-6339126.546172172
132,270.6230922296289,14.697618147448015,94.16720724306039,10.899412993731964,15.689264749776141,0.2724853248432992,88.0,4310.87503730972,469161.0287533579,1640.5367625111928,5600000.0,499161.0287533579,0.0,0.0,448048.78245945676,1566.7126081981892,1.2228836441113935,18278492702.93325,71946273.88809568,1.0,1.991841607800211,270.6230922296289,44780.07792645844,1.144001727646488,0.7952719510700547,223900.38963229218,-28127.961116948165,-6339126.271161391
133,272.5926275992439,15.063137996219288,94.83459357277883,9.95085066162568,15.711153119092627,0.24877126654064202,88.22306238185256,4527.448015122878,468832.70321361057,1629.962192816635,5600000.0,498832.70321361057,0.0,0.0,447735.2315689981,1556.6138941398863,1.222831058389743,18533316145.597763,73687029.29210322,1.0,1.9695353696149596,272.5926275992439,45432.29513981606,1.1447546954897783,0.8010597654919154,227161.4756990803,-28073.331858695485,-6339125.996642506
134,274.5406924684111,15.540304447318679,95.49124465227341,7.49935329817926,15.733041488409114,0.18748383245448155,88.66082976818228,4934.571684409516,468504.3776738633,1610.2626604317977,5600000.0,498504.3776738633,0.0,0.0,447421.68067853944,1537.8008407123668,1.2227624139687001,18786783489.70551,75971232.96440762,1.0,1.94806486916724,274.5406924684111,46081.38616108294,1.1455086551742022,0.8067844851991275,230406.9308054147,-28018.79491631966,-6339125.722587519
135,276.48875733757836,16.017470898418072,96.14789573176799,5.047855934732842,15.7549298577256,0.12619639836832108,89.09859715451199,5341.695353696153,468176.052134116,1590.5631280469604,5600000.0,498176.052134116,0.0,0.0,447108.12978808075,1518.9877872848472,1.2226937734010566,19041791444.206867,78252363.90077603,1.0,1.94806486916724,276.48875733757836,46735.04423485482,1.1462636086607942,0.8125092049063397,233675.22117427408,-27963.87205427792,-6339125.446593237
136,278.4368222067456,16.494637349517465,96.80454681126257,2.5963585712864248,15.776818227042085,0.06490896428216061,89.5363645408417,5748.819022982791,467847.7265943687,1570.863595662123,5600000.0,497847.7265943687,0.0,0.0,446794.57889762206,1500.1747338573275,1.2226251366865961,19298336271.158188,80530422.10120843,1.0,1.94806486916724,278.4368222067456,47393.268585863945,1.1470195579157616,0.8182339246135519,236966.3429293197,-27908.56325254403,-6339125.16865956
137,280.38488707591284,16.971803800616854,97.46119789075715,0.14486120784000533,15.798706596358572,0.0036215301960001445,89.97413192717143,6155.942692269427,467519.40105462144,1551.1640632772858,5600000.0,497519.40105462144,0.0,0.0,446481.02800716343,1481.3616804298078,1.2225565038251025,19556414232.61581,82805407.56570485,1.0,1.94806486916724,280.38488707591284,48056.058438929846,1.147776504910502,0.8239586443207642,240280.2921946492,-27852.868490953,-6339124.888786387
138,282.29176201372997,17.271853546910755,98.03546910755149,2.842105263157901,15.820594965675058,0.08855835240274619,89.38215102974829,6198.9473684210525,467149.885583524,1548.970251716247,5600000.0,497149.885583524,0.0,0.0,446128.1407322654,1479.2665903890158,1.2225133483787056,19808598855.923805,84206761.69878574,1.0,1.906874937817122,282.29176201372997,48710.21238518929,1.1486296101574816,0.8295623204141466,243551.06192594644,-27798.14392045047,-6339124.613788545
139,284.19605014426423,17.56078002188837,98.60456670978012,5.862700228832953,15.842483334991543,0.18267834046363546,88.7254999502537,6219.084668192219,466777.78330514376,1547.8758332504228,5600000.0,496777.78330514376,0.0,0.0,445772.7830564123,1478.2214207541538,1.2224717942058496,20061723705.248516,85551305.95507933,1.0,1.904288130534269,284.19605014426423,49367.93108912615,1.1494899700796,0.8351583947346799,246839.65544563078,-27743.13517246861,-6339124.337362676
140,286.10033827479856,17.849706496865988,99.17366431200875,8.883295194508053,15.864371704308029,0.27679832852452624,88.06884887075913,6239.221967963387,466405.6810267635,1546.7814147845986,5600000.0,496405.6810267635,0.0,0.0,445417.4253805591,1477.1762511192917,1.2224302414454522,20316247269.51698,86893741.58157466,1.0,1.9042881305343258,286.10033827479856,50030.03793907462,1.1503516198414585,0.8407544690552133,250150.1896953731,-27687.757564640604,-6339124.059083239
141,288.00462640533283,18.138632971843602,99.74276191423739,11.903890160183105,15.886260073624516,0.3709183165854155,87.41219779126455,6259.359267734554,466033.57874838327,1545.6869963187742,5600000.0,496033.57874838327,0.0,0.0,445062.067704706,1476.1310814844292,1.222388690097465,20572165500.650875,88234068.5782717,1.0,1.904288130534269,288.00462640533283,50696.532485283584,1.1512145623457977,0.8463505433757466,253482.66242641793,-27632.011077665724,-6339123.778950139
142,289.9089145358671,18.430818823997615,100.31185951646603,14.109640831758043,15.908148442941002,0.4405929758233015,87.0,6279.496567505721,465661.47647000296,1544.59257785295,5600000.0,495661.47647000296,0.0,0.0,444706.7100288528,1475.085911849567,1.2223466714454159,20829474350.571903,89588130.05605824,1.0,1.904288130534269,289.9089145358671,51367.394580886095,1.1520788005040747,0.8519466176962799,256836.97290443047,-27575.892444680445,-6339123.496946958
143,291.81320266640137,18.728500646701825,100.88095711869465,14.941398865784507,15.930036812257487,0.4690478559347331,87.0,6299.633867276888,465289.3741916227,1543.4981593871257,5600000.0,495289.3741916227,0.0,0.0,444351.3523529997,1474.040742214705,1.2223038639144062,21088169771.201763,90966753.75752927,1.0,1.904288130534269,291.81320266640137,52042.60930550541,1.152944337236497,0.8575426920168131,260213.04652752704,-27519.39941751305,-6339123.2130624
144,293.71749079693564,19.02618246940603,101.45005472092329,15.77315689981097,15.951925181573973,0.4975027360461648,87.0,6319.771167048055,464917.27191324247,1542.4037409213013,5600000.0,494917.27191324247,0.0,0.0,443995.99467714655,1472.9955725798427,1.2222610578825495,21348247714.462147,92343204.93132934,1.0,1.904288130534269,293.71749079693564,52722.20897554626,1.1538111754720526,0.8631387663373464,263611.0448777313,-27462.537452224642,-6339122.927323881
145,295.6217789274699,19.32386429211024,102.01915232315193,16.604914933837435,15.973813550890458,0.5259576161575964,87.0,6339.908466819222,464545.1696348622,1541.309322455477,5600000.0,494545.1696348622,0.0,0.0,443640.6370012934,1471.9504029449806,1.2222182533497932,21609704132.274742,93717483.57745849,1.0,1.904288130534269,295.6217789274699,53406.19312782949,1.154679318148546,0.8687348406578798,267030.96563914744,-27405.3065290004,-6339122.639731302
146,297.5260670580042,19.621546114814446,102.58824992538057,17.4366729678639,15.995701920206944,0.5544124962690281,87.0,6360.045766590389,464173.0673564819,1540.2149039896528,5600000.0,494173.0673564819,0.0,0.0,443285.27932544023,1470.9052333101183,1.222175450316085,21872534976.561253,95089589.69591664,1.0,1.904288130534269,297.5260670580042,54094.56129920844,1.1555487682126302,0.874330914978413,270472.8064960422,-27347.706627896987,-6339122.350284562
147,299.4303551885385,19.926264053328033,103.1573475276092,18.268431001890374,16.01759028952343,0.5828673763804602,87.0,6380.1830663615565,463800.96507810167,1539.1204855238284,5600000.0,493800.96507810167,0.0,0.0,442929.92164958705,1469.860063675256,1.2221316371268673,22136736199.24338,96493595.91135035,1.0,1.9042881305343258,299.4303551885385,54787.26767483722,1.1564195286198387,0.8799269892989464,273936.33837418613,-27289.73071785923,-6339122.058948331
148,301.3346433190727,20.232701223758827,103.72644512983783,19.100189035916824,16.03947865883992,0.6113222564918913,87.0,6400.320366132723,463428.8627997214,1538.0260670580042,5600000.0,493428.8627997214,0.0,0.0,442574.5639737339,1468.814894040394,1.2220875783256782,22402303752.242794,97903697.4125461,1.0,1.904288130534212,301.3346433190727,55484.344766850365,1.1572916023346216,0.8855230636194795,277421.7238342518,-27231.38407628704,-6339121.765749127
149,303.23893144960704,20.539138394189635,104.29554273206647,19.9319470699433,16.061367028156404,0.6397771366033234,87.0,6420.45766590389,463056.7605213412,1536.93164859218,5600000.0,493056.7605213412,0.0,0.0,442219.2062978808,1467.7697244055319,1.2220435211128433,22669233587.48122,99311562.48819828,1.0,1.9042881305343258,303.23893144960704,56185.80303996463,1.1581649923303772,0.891119137940013,280929.01519982313,-27172.66839590203,-6339121.4706954565
150,305.1432195801413,20.845575564620432,104.86464033429509,20.763705103969748,16.08325539747289,0.6682320167147545,87.0,6440.594965675057,462684.6582429609,1535.8372301263555,5600000.0,492684.6582429609,0.0,0.0,441863.84862202767,1466.7245547706696,1.2219994654883055,22937521656.880325,100717191.13830678,1.0,1.904288130534269,305.1432195801413,56891.64201762448,1.1590397015894869,0.8967152122605463,284458.2100881224,-27113.583656241186,-6339121.173787218
151,307.0475077106756,21.154070241766988,105.43373793652373,21.595463137996227,16.105143766789375,0.6966868968261867,87.0,6460.732265446224,462312.5559645806,1534.7428116605313,5600000.0,492312.5559645806,0.0,0.0,441508.4909461745,1465.6793851358073,1.2219551156659885,23207163912.36182,102130516.8755221,1.0,1.904288130534269,307.0475077106756,57601.84728022631,1.1599157331033483,0.9023112865810795,288009.23640113155,-27054.127786403522,-6339120.875014002
152,308.9517958412099,21.46926275992439,106.00283553875238,22.4272211720227,16.12703213610586,0.7251417769376187,87.0,6480.869565217392,461940.4536862004,1533.648393194707,5600000.0,491940.4536862004,0.0,0.0,441153.13327032136,1464.6342155009452,1.221909804610802,23478156305.847404,103573903.48420455,1.0,1.9042881305343258,308.9517958412099,58316.38599617898,1.16079308987241,0.907907360901613,291581.9299808949,-26994.29614136368,-6339120.574352469
153,310.8560839717441,21.784455278081783,106.571933140981,23.25897920604915,16.148920505422346,0.75359665704905,87.0,6501.006864988559,461568.3514078201,1532.5539747288826,5600000.0,491568.3514078201,0.0,0.0,440797.7755944682,1463.5890458660829,1.2218644952357849,23750494789.258743,105014989.76947063,1.0,1.904288130534212,310.8560839717441,59035.30250506707,1.1616717749062053,0.913503435222146,295176.5125253353,-26934.0953745516,-6339120.271836053
154,312.76037210227844,22.099647796239186,107.14103074320964,24.09073724007563,16.17080887473883,0.782051537160482,87.0,6521.144164759726,461196.2491294398,1531.4595562630584,5600000.0,491196.2491294398,0.0,0.0,440442.417918615,1462.5438762312208,1.221819187540875,24024175314.517567,106453775.73132046,1.0,1.9042881305343258,312.76037210227844,59758.596316944306,1.1625517912233878,0.9190995095426795,298792.98158472154,-26873.525464979,-6339119.967464648
155,314.66466023281265,22.414840314396578,107.71012834543826,24.92249527410208,16.192697244055317,0.8105064172719132,87.0,6541.281464530893,460824.1468510596,1530.3651377972342,5600000.0,490824.1468510596,0.0,0.0,440087.06024276186,1461.4987065963585,1.2217738815260102,24299193833.54554,107890261.36975394,1.0,1.904288130534212,314.66466023281265,60486.266941900634,1.1634331418517638,0.9246955838632126,302431.33470950316,-26812.586391533725,-6339119.661238149
156,316.568948363347,22.7358670779027,108.27922594766692,25.754253308128558,16.214585613371803,0.8389612973833454,87.0,6561.41876430206,460452.0445726793,1529.2707193314097,5600000.0,490452.0445726793,0.0,0.0,439731.70256690873,1460.4535369614962,1.2217277386191487,24575546298.264393,109352507.60528417,1.0,1.9042881305343258,316.568948363347,61218.27187094017,1.164315829828329,0.930291658183746,306091.35935470083,-26751.2723185895,-6339119.353127229
157,318.4732364938812,23.059814943786687,108.84832354989554,26.586011342155007,16.23647398268829,0.8674161774947765,87.0,6581.5560640732265,460079.9422942991,1528.1763008655855,5600000.0,490079.9422942991,0.0,0.0,439376.3448910556,1459.408367326634,1.221681177613043,24853228660.595776,110826449.88025516,1.0,1.904288130534212,318.4732364938812,61954.63033116684,1.1651998581993026,0.9358877325042791,309773.15165583417,-26689.586127716117,-6339119.04314637
158,320.3775246244155,23.38376280967068,109.41742115212418,27.417769376181482,16.258362352004777,0.8958710576062086,87.0,6601.693363844393,459707.84001591883,1527.0818823997613,5600000.0,489707.84001591883,0.0,0.0,439020.9872152025,1458.363197691772,1.2216346183814137,25132236872.461426,112298027.93393718,1.0,1.9042881305343258,320.3775246244155,62695.36260592167,1.1660852300201627,0.9414838068248127,313476.81302960834,-26627.530708515085,-6339118.731310093
159,322.2818127549497,23.70771067555467,109.9865187543528,28.249527410207932,16.280250721321263,0.9243259377176398,87.0,6621.83066361556,459335.7377375386,1525.9874639339369,5600000.0,489335.7377375386,0.0,0.0,438665.62953934935,1457.3180280569097,1.2215880609241934,25412566885.783,113767241.7663302,1.0,1.904288130534212,322.2818127549497,63440.46819192408,1.1669719483556806,0.9470798811453458,317202.34095962043,-26565.10603934806,-6339118.417618288
160,324.18610088548405,24.032514177693763,110.55561635658144,29.08128544423441,16.30213909063775,0.9527808178290719,87.0,6641.967963386728,458963.6354591583,1524.8930454681126,5600000.0,488963.6354591583,0.0,0.0,438310.27186349616,1456.2728584220474,1.2215413822771797,25694214652.482227,115238194.23476456,1.0,1.9042881305343258,324.18610088548405,64189.9401243742,1.1678600162799575,0.9526759554658792,320949.70062187104,-26502.311245664954,-6339118.102066561
161,326.0903890160183,24.365217391304355,111.12471395881008,29.913043478260885,16.324027459954234,0.981235697940504,87.0,6662.105263157895,458591.53318077803,1523.7986270022884,5600000.0,488591.53318077803,0.0,0.0,437954.914187643,1455.2276887871853,1.2214935701842653,25977176124.48078,116744627.2795314,1.0,1.904288130534269,326.0903890160183,64943.723852572555,1.1687494368764584,0.9582720297864125,324718.6192628627,-26439.139284737408,-6339117.784619521
162,327.9946771465526,24.697920604914934,111.6938115610387,30.744801512287335,16.34591582927072,1.0096905780519352,87.0,6682.242562929062,458219.4309023978,1522.704208536464,5600000.0,488219.4309023978,0.0,0.0,437599.55651178985,1454.182519152323,1.221445759962754,26261447253.70036,118248632.20513654,1.0,1.904288130534269,327.9946771465526,65701.87782003799,1.1696402132380497,0.9638681041069458,328509.3891001899,-26375.598007821478,-6339117.4653166225
163,329.89896527708686,25.030623818525527,112.26290916326734,31.576559546313813,16.367804198587205,1.0381454581633673,87.0,6702.379862700229,457847.3286240175,1521.6097900706397,5600000.0,487847.3286240175,0.0,0.0,437244.19883593667,1453.137349517461,1.2213979516125726,26547023992.062656,119750209.01158006,1.0,1.904288130534269,329.89896527708686,66464.40151013843,1.1705323484670334,0.969464178427479,332322.0075506921,-26311.687392759137,-6339117.144157752
164,331.8032534076211,25.363327032136105,112.83200676549596,32.40831758034026,16.38969256790369,1.0666003382747986,87.0,6722.517162471396,457475.22634563723,1520.5153716048155,5600000.0,487475.22634563723,0.0,0.0,436888.84116008354,1452.0921798825987,1.2213501451336475,26833902291.489372,121249357.6988619,1.0,1.904288130534269,331.8032534076211,67231.29440628234,1.1714258456751838,0.9750602527480123,336156.4720314117,-26247.40741726756,-6339116.8211428
165,333.7075415381554,25.700662620634766,113.40110436772461,33.24007561436674,16.411580937220176,1.0950552183862308,87.0,6742.654462242564,457103.124067257,1519.420953138991,5600000.0,487103.124067257,0.0,0.0,436533.4834842304,1451.0470102477364,1.221301674934288,27122078103.9022,122768206.42627892,1.0,1.904288130534269,333.7075415381554,68002.51893153673,1.172320707983784,0.9806563270685456,340012.59465768375,-26182.753441505134,-6339116.49624845
166,335.61182966868967,26.04212118197194,113.97020196995324,34.07183364839319,16.43346930653666,1.1235100984976618,87.0,6762.79176201373,456731.02178887674,1518.3265346731669,5600000.0,486731.02178887674,0.0,0.0,436178.1258083773,1450.0018406128743,1.2212526142829072,27411547381.222828,124304273.00389813,1.0,1.904288130534269,335.61182966868967,68778.07742317852,1.173216938523662,0.9862524013890789,343890.3871158926,-26117.725950416178,-6339116.169477138
167,337.51611779922393,26.383579743309127,114.53929957218187,34.903591682419666,16.455357675853147,1.151964978609094,87.0,6782.929061784897,456358.9195104965,1517.2321162073426,5600000.0,486358.9195104965,0.0,0.0,435822.76813252416,1448.9566709780122,1.2212035556023317,27702306075.372955,125837847.56448308,1.0,1.904288130534269,337.51611779922393,69558.00196216904,1.1741145404352262,0.9918484757096121,347790.0098108452,-26052.329030910507,-6339115.840849401
168,339.4204059297582,26.7250383046463,115.1083971744105,35.735349716446116,16.477246045169636,1.180419858720525,87.0,6803.066361556064,455986.8172321162,1516.1376977415182,5600000.0,485986.8172321162,0.0,0.0,435467.4104566709,1447.91150134315,1.221154498892482,27994350138.274277,127368930.1080336,1.0,1.904288130534269,339.4204059297582,70342.29201858664,1.175013516868504,0.9974445500301454,351711.4600929332,-25986.562660180032,-6339115.510365127
169,341.3246940602925,27.066496865983485,115.67749477663915,36.567107750472594,16.49913441448612,1.2088747388319572,87.0,6823.203661327231,455614.71495373594,1515.043279275694,5600000.0,485614.71495373594,0.0,0.0,435112.0527808178,1446.8663317082876,1.221105444153279,28287675521.848488,128897520.63454987,1.0,1.904288130534269,341.3246940602925,71130.94706255234,1.1759138709831771,1.0030406243506786,355654.7353127617,-25920.426815296523,-6339115.178024197
170,343.2289821908268,27.416364540841712,116.24659237886779,37.39886578449907,16.521022783802607,1.2373296189433893,87.0,6843.340961098398,455242.6126753557,1513.9488608098695,5600000.0,485242.6126753557,0.0,0.0,434756.69510496466,1445.8211620734253,1.2210551833850278,28582278178.017292,130463634.78920156,1.0,1.9042881305343258,343.2289821908268,71923.89540934746,1.176815605948619,1.008636698671212,359619.47704673733,-25853.91309034452,-6339114.843784373
171,345.13327032136107,27.76657844990548,116.81568998109641,38.23062381852552,16.542911153119093,1.2657844990548204,87.0,6863.478260869565,454870.51039697544,1512.8544423440453,5600000.0,484870.51039697544,0.0,0.0,434401.33742911153,1444.7759924385632,1.2210048749497882,28878154058.702362,132028841.88401876,1.0,1.904288130534269,345.13327032136107,72721.20314423343,1.1777187249439325,1.0142327729917453,363606.0157211671,-25787.029499467462,-6339114.507685927
172,347.0375584518954,28.11679235896926,117.38478758332505,39.062381852552,16.564799522435578,1.2942393791662525,87.0,6883.615560640733,454498.40811859514,1511.760023878221,5600000.0,484498.40811859514,0.0,0.0,434045.97975325835,1443.7308228037011,1.2209545685872953,29175299115.825413,133591493.063929,1.0,1.9042881305343258,347.0375584518954,73522.87262138633,1.1786232311579872,1.019828847312279,367614.3631069316,-25719.776364481077,-6339114.169730475
173,348.9418465824296,28.467006268033032,117.95388518555367,39.894139886578444,16.586687891752067,1.3226942592776838,87.0,6903.752860411899,454126.3058402149,1510.6656054123969,5600000.0,484126.3058402149,0.0,0.0,433690.6220774052,1442.685653168839,1.2209042642974646,29473709301.308113,135151588.32893223,1.0,1.904288130534212,348.9418465824296,74328.90329761914,1.1795291277894553,1.025424921632812,371644.5164880957,-25652.153661932796,-6339113.829917899
174,350.84613471296393,28.82065068152423,118.52298278778231,40.72589792060492,16.608576261068553,1.351149139389116,87.0,6923.890160183067,453754.20356183464,1509.5711869465724,5600000.0,483754.20356183464,0.0,0.0,433335.2644015521,1441.6404835339765,1.2208534693573774,29773380567.072197,136725402.02002633,1.0,1.9042881305343258,350.84613471296393,75139.2643044215,1.1804364180468518,1.0310209959533454,375696.3215221075,-25584.15794815682,-6339113.488230895
175,352.75042284349814,29.179619938314595,119.09208039001093,41.55765595463137,16.63046463038504,1.379604019500547,87.0,6944.027459954234,453382.1012834544,1508.4767684807482,5600000.0,483382.1012834544,0.0,0.0,432979.9067256989,1440.5953138991144,1.2208019117563558,30074308865.039314,138321876.42916676,1.0,1.904288130534212,352.75042284349814,75953.93718490549,1.1813451051485713,1.0366170702738786,379769.6859245274,-25515.787310597487,-6339113.144659853
176,354.65471097403247,29.53858919510497,119.66117799223959,42.38941398865785,16.652352999701524,1.4080588996119792,87.0,6964.1647597254005,453009.99900507415,1507.382350014924,5600000.0,483009.99900507415,0.0,0.0,432624.5490498458,1439.5501442642524,1.2207503563326523,30376490147.131203,139915731.0255276,1.0,1.9042881305343258,354.65471097403247,76772.96794606556,1.182255192322925,1.042213144594412,383864.83973032783,-25447.047033950686,-6339112.799231326
177,356.55899910456674,29.897558451895343,120.23027559446822,43.22117202268433,16.67424136901801,1.4365137797234113,87.0,6984.302059496568,452637.89672669384,1506.2879315490995,5600000.0,482637.89672669384,0.0,0.0,432269.1913739926,1438.50497462939,1.2206988030861747,30679920365.269524,141506965.80910876,1.0,1.904288130534269,356.55899910456674,77596.35603142707,1.1831666828081808,1.0478092189149453,387981.7801571354,-25377.93709424045,-6339112.451945197
178,358.463287235101,30.256527708685706,120.79937319669685,44.05293005671078,16.696129738334495,1.4649686598348424,87.0,7004.439359267734,452265.7944483136,1505.1935130832753,5600000.0,482265.7944483136,0.0,0.0,431913.83369813947,1437.4598049945278,1.2206472520168312,30984595471.375988,143095580.77991018,1.0,1.904288130534269,358.463287235101,78424.10088456256,1.1840795798526005,1.0534052932354785,392120.5044228128,-25308.457467357628,-6339112.102801343
179,360.31352104268234,31.793881205850198,122.01712267436079,37.17293801611765,16.663963784698037,1.2231519251815686,87.1801810765098,7686.922296288942,451803.6016316784,1473.4683116107842,5600000.0,481803.6016316784,0.0,0.0,431472.43955825287,1407.162237588299,1.2204264994722163,31275277069.600883,150222250.8563755,1.0,1.8502338075813327,360.31352104268234,79221.44372688945,1.185215464005975,1.0588425197410511,396107.2186344473,-25239.410852760077,-6339111.755833431
180,362.1521440652671,33.584349815938715,123.3742015719829,28.636473982688294,16.620187046065066,0.9232812655457169,87.39906476967465,8511.676052134117,451322.05750671576,1435.1636653069347,5600000.0,481322.05750671576,0.0,0.0,431012.56491891353,1370.5813003681226,1.2201694518001864,31563698789.352898,158523402.37119287,1.0,1.838623022584784,362.1521440652671,80015.15918071877,1.1864012262925892,1.064245625981566,400075.7959035939,-25170.189715033397,-6339111.407988518
181,363.99076708785196,35.37481842602729,124.73128046960503,20.100009949258663,16.576410307432095,0.6234106059098555,87.61794846283952,9336.429807979317,450840.51338175306,1396.8590190030836,5600000.0,480840.51338175306,0.0,0.0,430552.69027957413,1334.0003631479449,1.2199124582678413,31853106351.818314,166807643.50194195,1.0,1.8386230225848408,363.99076708785196,80812.66072990649,1.1875893635740171,1.069648732222081,404063.30364953243,-25100.62381787505,-6339111.058411145
182,365.82939011043675,37.1652870361158,126.08835936722713,11.563545915829309,16.532633568799124,0.32353994627400384,87.83683215600438,10161.183563824492,450358.96925679035,1358.5543726992341,5600000.0,480358.96925679035,0.0,0.0,430092.8156402348,1297.4194259277685,1.2196555188637779,32143494873.36736,175074974.24862224,1.0,1.838623022584784,365.82939011043675,81613.94587578603,1.1887798829928218,1.0750518384625958,408069.7293789301,-25030.71313865576,-6339110.707101199
183,367.67915630285546,38.61254601532186,127.2170032832554,5.4562929061785,16.505571584916925,0.10835737737538587,87.94428415083075,10785.415978509602,449899.7114714954,1329.7214207541538,5600000.0,479899.7114714954,0.0,0.0,429654.2244552781,1269.8839568202168,1.2194478709653298,32438331974.209873,181718692.47639278,1.0,1.8497661924187128,367.67915630285546,82427.33620807016,1.1899175298869873,1.0804876908015382,412136.6810403508,-24960.38386569172,-6339110.353687767
184,369.5615560640733,39.05469107551489,127.6766590389016,6.463157894736867,16.52745995423341,0.1411899313501152,87.7254004576659,10822.407322654462,449505.7208237986,1328.6270022883295,5600000.0,479505.7208237986,0.0,0.0,429277.9633867277,1268.8387871853547,1.2193844405148053,32744425219.87217,183648622.60085383,1.0,1.8823997612178118,369.5615560640733,83269.16842225715,1.190895237467828,1.0860194424287322,416345.8421112857,-24889.483284500428,-6339109.99740344
185,371.443955825291,39.496836135707895,128.1363147945478,7.470022883295201,16.549348323549896,0.1740224853248435,87.50651676450104,10859.398666799323,449111.7301761019,1327.5325838225053,5600000.0,479111.7301761019,0.0,0.0,428901.7023181773,1267.7936175504926,1.219321013363661,33051669390.839863,185575136.06847584,1.0,1.882399761217755,371.443955825291,84115.23341368976,1.1918745530562325,1.091551194055926,420576.1670684488,-24818.22129697539,-6339109.639303
186,373.32635558650884,39.938981195900915,128.595970550194,8.476887871853569,16.571236692866382,0.20685503929957286,87.28763307133619,10896.390010944186,448717.73952840513,1326.4381653566809,5600000.0,478717.73952840513,0.0,0.0,428525.44124962686,1266.74844791563,1.219257589511725,33360060298.87946,187498232.87925896,1.0,1.8823997612178118,373.32635558650884,84965.53051501053,1.1928554806224319,1.0970829456831197,424827.6525750527,-24746.597878821194,-6339109.279386326
187,375.2087553477266,40.38112625609392,129.0556263058402,9.483752860411903,16.593125062182867,0.23968759327430114,87.06874937817133,10933.381355089046,448323.74888070836,1325.3437468908567,5600000.0,478323.74888070836,0.0,0.0,428149.18018107646,1265.703278280768,1.219194168958826,33669593755.75746,189417913.03320312,1.0,1.882399761217755,375.2087553477266,85820.05905893167,1.1938380241497368,1.1026146973103135,429100.29529465834,-24674.613005616702,-6339108.917653294
188,377.0911551089444,40.82927668888669,129.51528206148643,10.490617848970269,16.615013431499356,0.2725201472490305,87.0,10970.372699233907,447929.75823301164,1324.2493284250322,5600000.0,477929.75823301164,0.0,0.0,427772.9191125261,1264.6581086459057,1.2191298903716363,33980265573.24038,191362323.0502732,1.0,1.8823997612178118,377.0911551089444,86678.75713842132,1.1948221876345944,1.1081464489375075,433393.78569210664,-24602.260663864203,-6339108.554073688
189,378.97355487016216,41.28017709680629,129.97493781713263,11.497482837528603,16.63690180081584,0.3053527012237588,87.0,11007.364043378768,447535.76758531487,1323.154909959208,5600000.0,477535.76758531487,0.0,0.0,427396.6580439757,1263.6129390110436,1.2190652207734043,34292071563.0947,193316148.2096373,1.0,1.882399761217755,378.97355487016216,87541.65578471107,1.19580797508664,1.113678200564701,437708.2789235554,-24529.544075059704,-6339108.188663694
190,380.85595463138,41.7310775047259,130.43459357277882,12.50434782608697,16.658790170132324,0.33818525519848813,87.0,11044.35538752363,447141.77693761815,1322.0604914933838,5600000.0,477141.77693761815,0.0,0.0,427020.3969754253,1262.5677693761816,1.2190005546056162,34605007537.08695,195266489.05559146,1.0,1.8823997612178118,380.85595463138,88408.78208272178,1.1967953905287527,1.119209952191895,442043.9104136089,-24456.465956797823,-6339107.821436969
191,382.7383543925977,42.18197791264551,130.89424932842505,13.511212814645305,16.68067853944881,0.3710178091732164,87.0,11081.346731668491,446747.7862899214,1320.9660730275596,5600000.0,476747.7862899214,0.0,0.0,426644.1359068749,1261.5225997413193,1.2189358918680904,34919069306.98362,197213345.5881356,1.0,1.882399761217755,382.7383543925977,89280.13535238005,1.1977844379971099,1.1247417038190888,446400.67676190025,-24383.026284154505,-6339107.452393387
192,384.62075415381554,42.63390508407124,131.35390508407124,14.51807780320367,16.702566908765295,0.40385036314794576,87.0,11118.338075813352,446353.79564222466,1319.871654561735,5600000.0,476353.79564222466,0.0,0.0,426267.87483832455,1260.477430106457,1.2188710853262419,35234252684.55122,199161514.26619768,1.0,1.8823997612178118,384.62075415381554,90155.70402326234,1.1987751215412419,1.1302734554462825,450778.5201163117,-24309.224008042365,-6339107.081527678
193,386.50315391503335,43.09356083971745,131.81356083971747,15.524942791762037,16.724455278081784,0.43668291712267515,87.0,11155.329419958214,445959.8049945279,1318.777236095911,5600000.0,475959.8049945279,0.0,0.0,425891.6137697741,1259.4322604715949,1.2188051740366685,35550553481.556244,201142264.41387072,1.0,1.8823997612178118,386.50315391503335,91035.41531975838,1.1997674452240878,1.1358052070734765,455177.0765987919,-24235.0524189556,-6339106.708806125
194,388.3855536762511,43.553216595363644,132.27321659536366,16.53180778032037,16.74634364739827,0.46951547109740344,87.0,11192.320764103075,445565.8143468312,1317.6828176300864,5600000.0,475565.8143468312,0.0,0.0,425515.35270122375,1258.3870908367326,1.2187392663112935,35867967509.765205,203119462.59156275,1.0,1.882399761217755,388.3855536762511,91919.3497265303,1.2007614131220505,1.1413369587006703,459596.74863265146,-24160.51919957809,-6339106.334267334
195,390.2679534374689,44.01287235100986,132.73287235100986,17.538672768878737,16.768232016714755,0.5023480250721328,87.0,11229.312108247936,445171.8236991344,1316.5883991642622,5600000.0,475171.8236991344,0.0,0.0,425139.09163267334,1257.3419212018703,1.2186733621499237,36186490580.9446,205093108.79927373,1.0,1.8823997612178118,390.2679534374689,92807.50655074383,1.2017570293250535,1.146868710327864,464037.5327537191,-24085.624324487522,-6339105.9579111785
196,392.1503531986867,44.47252810665606,133.19252810665606,18.54553775743707,16.79012038603124,0.5351805790468611,87.0,11266.303452392796,444777.8330514377,1315.493980698438,5600000.0,474777.8330514377,0.0,0.0,424762.830564123,1256.2967515670082,1.218607461552367,36506118506.86094,207063203.0370036,1.0,1.882399761217755,392.1503531986867,93699.88509963983,1.2027542979365948,1.1524004619550579,468499.4254981991,-24010.367768144235,-6339105.579737528
197,394.03275295990454,44.93698736444136,133.65218386230228,19.552402745995437,16.812008755347726,0.5680131330215904,87.0,11303.294796537659,444383.8424037409,1314.3995622326136,5600000.0,474383.8424037409,0.0,0.0,424386.56949557253,1255.2515819321459,1.218540875898976,36826847099.28074,209052091.75538978,1.0,1.8823997612178687,394.03275295990454,94596.43122238292,1.2037532230738064,1.1579322135822518,472982.15611191455,-23934.744713507593,-6339105.199722178
198,395.9151527211223,45.405398467814145,134.11183961794848,20.559267734553774,16.83389712466421,0.6008456869963187,87.0,11340.28614068252,443989.8517560442,1313.3051437667893,5600000.0,473989.8517560442,0.0,0.0,424010.3084270222,1254.2064122972838,1.2184737273872719,37148672169.97047,211055760.56138647,1.0,1.882399761217755,395.9151527211223,95497.15226757388,1.204753808867508,1.1634639652094456,477485.76133786945,-23858.75598397106,-6339104.8178692665
199,397.7975524823401,45.87380957118695,134.57149537359467,21.56613272311214,16.855785493980697,0.633678240971048,87.0,11377.27748482738,443595.8611083474,1312.2107253009651,5600000.0,473595.8611083474,0.0,0.0,423634.0473584718,1253.1612426624217,1.2184065825758315,37471589530.696655,213055809.74083117,1.0,1.8823997612178118,397.7975524823401,96402.09109288541,1.2057560594622663,1.1689957168366396,482010.45546442707,-23782.405495382845,-6339104.434198469
200,399.67995224355786,46.34222067455974,135.03115112924087,22.572997711670475,16.877673863297183,0.6665107949457763,87.0,11414.268828972241,443201.8704606507,1311.1163068351407,5600000.0,473201.8704606507,0.0,0.0,423257.78628992144,1252.1160730275592,1.2183394414644506,37795594993.22581,215052239.2937236,1.0,1.882399761217755,399.67995224355786,97311.24699282531,1.20675997901645,1.1745274684638334,486556.2349641266,-23705.693221698515,-6339104.048709657
201,401.5623520047757,46.81063177793255,135.4908068848871,23.57986270022884,16.89956223261367,0.6993433489205056,87.0,11451.260173117103,442807.87981295394,1310.0218883693165,5600000.0,472807.87981295394,0.0,0.0,422881.525221371,1251.0709033926971,1.218272304052926,38120684369.32441,217045049.22006404,1.0,1.8823997612178118,401.5623520047757,98224.6192619796,1.2077655717022895,1.1800592200910272,491123.09630989796,-23628.619136749767,-6339103.661402697
202,403.4447517659935,47.28333300169138,135.9504626405333,24.586727688787207,16.921450601930154,0.7321759028952349,87.0,11488.251517261964,442413.88916525716,1308.9274699034922,5600000.0,472413.88916525716,0.0,0.0,422505.2641528206,1250.025733757835,1.2182045554886396,38446853470.75899,219054114.77956432,1.0,1.8823997612178118,403.4447517659935,99142.15715596554,1.2087728417059334,1.1855909717182211,495710.78577982774,-23551.178934446536,-6339103.272255952
203,405.32715152721124,47.75612177892747,136.41011839617948,25.59359267734554,16.943338971246643,0.7650084568699632,87.0,11525.242861406825,442019.89851756045,1307.8330514376678,5600000.0,472019.89851756045,0.0,0.0,422129.0030842702,1248.9805641229727,1.2181367981445679,38774098109.29603,221059932.84005496,1.0,1.882399761217755,405.32715152721124,100063.90804739355,1.2097817932275061,1.191122723345415,500319.54023696773,-23473.376780614257,-6339102.881290355
204,407.20955128842905,48.22891055616357,136.86977415182568,26.600457665903907,16.96522734056313,0.7978410108446926,87.0,11562.234205551687,441625.9078698637,1306.7386329718436,5600000.0,471625.9078698637,0.0,0.0,421752.74201571976,1247.9353944881107,1.2180690445692048,39102414096.70205,223062097.44570798,1.0,1.8823997612178118,407.20955128842905,100989.87223632702,1.2107924304811681,1.1966544749726087,504949.3611816351,-23395.2127360506,-6339102.488506211
205,409.0919510496468,48.70169933339966,137.32942990747188,27.60732265446224,16.987115709879614,0.8306735648194209,87.0,11599.225549696548,441231.91722216696,1305.6442145060194,5600000.0,471231.91722216696,0.0,0.0,421376.4809471694,1246.8902248532484,1.2180012947623402,39431797244.74354,225060608.59652328,1.0,1.882399761217755,409.0919510496468,101920.04901115483,1.2118047576951727,1.2021862265998025,509600.2450557741,-23316.68677408807,-6339102.093903387
206,410.9743508108646,49.1780897423142,137.7890856631181,28.614187643020607,17.0090040791961,0.8635061187941503,87.0,11636.216893841409,440837.9265744702,1304.549796040195,5600000.0,470837.9265744702,0.0,0.0,421000.219878619,1245.845055218386,1.2179330326593976,39762243365.18701,227072096.26042914,1.0,1.8823997612178118,410.9743508108646,102854.39407873113,1.2128187791119263,1.2077179782269964,514271.9703936556,-23237.795274615288,-6339101.697463691
207,412.8567505720824,49.65963386727688,138.2487414187643,29.62105263157894,17.030892448512585,0.8963386727688786,87.0,11673.20823798627,440443.93592677347,1303.4553775743707,5600000.0,470443.93592677347,0.0,0.0,420623.95881006867,1244.799885583524,1.2178640359671808,40093748269.79897,229103679.19892928,1.0,1.882399761217755,412.8567505720824,103792.88658215363,1.2138344989880465,1.21324972985419,518964.43291076814,-23158.536661908962,-6339101.299179206
208,414.7391503333002,50.141177992239584,138.7083971744105,30.627917620137307,17.052780817829074,0.9291712267436079,87.0,11710.199582131132,440049.9452790767,1302.3609591085465,5600000.0,470049.9452790767,0.0,0.0,420247.6977415182,1243.754715948662,1.2177950431836713,40426307770.34592,231131541.02602082,1.0,1.8823997612178118,414.7391503333002,104735.587593177,1.214851921594423,1.218781481481384,523677.937965885,-23078.916050618514,-6339100.899075631
209,416.621550094518,50.62272211720228,139.16805293005672,31.634782608695673,17.07466918714556,0.9620037807183373,87.0,11747.190926275993,439655.95463138,1301.266540642722,5600000.0,469655.95463138,0.0,0.0,419871.43667296786,1242.7095463137994,1.2177260543086474,40759917678.59437,233155681.7417036,1.0,1.8823997612178118,416.621550094518,105682.49638750282,1.2158710512162763,1.224313233108578,528412.481937514,-22998.93341357261,-6339100.497152832
210,418.50394985573575,51.10426624216496,139.6277086857029,32.64164759725401,17.096557556462045,0.9948363346930655,87.0,11784.182270420853,439261.9639836832,1300.1721221768978,5600000.0,469261.9639836832,0.0,0.0,419495.17560441745,1241.6643766789373,1.2176570693418876,41094573806.3108,235176101.34597754,1.0,1.882399761217755,418.50394985573575,106633.61224091501,1.2168918921532186,1.2298449847357715,533168.0612045751,-22918.58872347884,-6339100.093410671
211,420.38634961695357,51.59318873743907,140.0873644413491,33.64851258581238,17.11844592577853,1.027668888667795,87.0,11821.173614565716,438867.97333598643,1299.0777037110736,5600000.0,468867.97333598643,0.0,0.0,419118.91453586705,1240.6192070440752,1.2175870313641235,41430271965.26174,237226725.76343256,1.0,1.8823997612178118,420.38634961695357,107588.84103743832,1.2179144487193136,1.2353767363629655,537944.2051871916,-22837.87459065765,-6339099.687812014
212,422.2687493781713,52.083488210128344,140.54702019699533,34.65537757437071,17.140334295095016,1.0605014426425232,87.0,11858.164958710577,438473.9826882897,1297.9832852452491,5600000.0,468473.9826882897,0.0,0.0,418742.65346731665,1239.574037409213,1.217516800180346,41767007967.21368,239279898.10852933,1.0,1.882399761217755,422.2687493781713,108548.25619459133,1.218938725243138,1.2409084879901593,542741.2809729566,-22756.79697545059,-6339099.280386811
213,424.15114913938913,52.57378768281764,141.00667595264153,35.66224256292907,17.1622226644115,1.0933339966172524,87.0,11895.156302855437,438079.99204059294,1296.888866779425,5600000.0,468079.99204059294,0.0,0.0,418366.39239876624,1238.5288677743508,1.217446573047547,42104777623.933136,241329281.68564638,1.0,1.8823997612178118,424.15114913938913,109511.87424977786,1.2199647260678421,1.246440239617353,547559.3712488892,-22675.357224119827,-6339098.8711418295
214,426.0335489006069,53.06408715550691,141.46633170828773,36.66910755148741,17.184111033727987,1.1261665505919807,87.0,11932.147647000298,437686.0013928962,1295.7944483136007,5600000.0,467686.0013928962,0.0,0.0,417990.1313302159,1237.4836981394885,1.2173763499654933,42443576747.18659,243374876.49478358,1.0,1.882399761217755,426.0335489006069,110479.69446612374,1.2209924555512115,1.2519719912445468,552398.4723306186,-22593.555308871903,-6339098.460076929
215,427.9159486618247,53.55678638941399,141.92598746393395,37.67597254004578,17.205999403044473,1.15899910456671,87.0,11969.13899114516,437292.01074519946,1294.7000298477762,5600000.0,467292.01074519946,0.0,0.0,417613.87026166543,1236.4385285046262,1.2173057872582296,42783401148.74058,245427679.60777828,1.0,1.8823997612178118,427.9159486618247,111451.68464125582,1.2220219180657286,1.2575037428717408,557258.4232062792,-22511.388807022013,-6339098.047179935
216,429.7983484230425,54.055841209829886,142.38564321958017,38.682837528604146,17.22788777236096,1.1918316585414395,87.0,12006.130335290021,436898.02009750274,1293.605611381952,5600000.0,466898.02009750274,0.0,0.0,417237.6091931151,1235.3933588697641,1.217234318494999,43124246640.36159,247505775.76744735,1.0,1.8823997612178118,429.7983484230425,112427.79088874433,1.2230531179986341,1.2630354944989346,562138.9544437217,-22428.85374264326,-6339097.632430867
217,431.68074818426027,54.55489603024575,142.84529897522637,39.68970251716248,17.249776141677444,1.2246642125161677,87.0,12043.121679434882,436504.02944980597,1292.5111929161278,5600000.0,466504.02944980597,0.0,0.0,416861.3481245647,1234.348189234902,1.2171628539277428,43466109033.8161,249580015.5025654,1.0,1.882399761217755,431.68074818426027,113408.09506646814,1.2240860597519911,1.2685672461261284,567040.4753323407,-22345.956429760903,-6339097.2158614565
218,433.5631479454781,55.053950850661636,143.30495473087257,40.69656750572084,17.271664510993933,1.2574967664908971,87.0,12080.113023579745,436110.03880210925,1291.4167744503034,5600000.0,466110.03880210925,0.0,0.0,416485.08705601434,1233.3030196000398,1.2170913935562147,43808984140.87067,251650398.8131328,1.0,1.8823997612178118,433.5631479454781,114392.59642492194,1.2251207477427444,1.2740989977533224,571962.9821246098,-22262.6968400795,-6339096.797471558
219,435.44554770669583,55.55300567107751,143.76461048651876,41.70343249427918,17.29355288031042,1.2903293204656254,87.0,12117.104367724605,435716.0481544125,1290.3223559844791,5600000.0,465716.0481544125,0.0,0.0,416108.8259874639,1232.2578499651775,1.2170199373801687,44152867773.29174,253716925.69914916,1.0,1.882399761217755,435.44554770669583,115381.29421468866,1.226157186402788,1.2796307493805161,576906.4710734433,-22179.074945174158,-6339096.377261031
220,437.3279474679137,56.05823699134416,144.22426624216496,42.71029748283755,17.315441249626904,1.3231618744403548,87.0,12154.095711869466,435322.05750671576,1289.227937518655,5600000.0,465322.05750671576,0.0,0.0,415732.56491891353,1231.2126803303154,1.2169476011076632,44497755742.84588,255807781.0769883,1.0,1.8823997612178687,437.3279474679137,116374.10312351139,1.227195380179024,1.2851625010077101,581870.515617557,-22095.084552054293,-6339095.955198754
221,439.21034722913146,56.56604715948662,144.68392199781115,43.71716247139588,17.33732961894339,1.355994428415083,87.0,12191.087056014327,434928.066859019,1288.1335190528305,5600000.0,464928.066859019,0.0,0.0,415356.3038503631,1230.167510695453,1.2168748999421857,44843643861.29954,257906490.26667443,1.0,1.882399761217755,439.21034722913146,117371.0699064098,1.2282353335334293,1.290694252634904,586855.3495320489,-22010.7292222837,-6339095.531302624
222,441.09274699034927,57.0738573276291,145.14357775345738,44.72402745995425,17.359217988259875,1.3888269823898125,87.0,12228.07840015919,434534.0762113223,1287.0391005870063,5600000.0,464534.0762113223,0.0,0.0,414980.0427818128,1229.122341060591,1.2168022031199184,45190527940.41925,260001275.3752387,1.0,1.8823997612178118,441.09274699034927,118372.22880725694,1.2292770509431177,1.2962260042620977,591861.1440362848,-21926.011500813067,-6339095.105585431
223,442.975146751567,57.58166749577157,145.60323350910357,45.730892448512584,17.38110635757636,1.4216595363645408,87.0,12265.06974430405,434140.0855636255,1285.944682121182,5600000.0,464140.0855636255,0.0,0.0,414603.7817132623,1228.0771714257287,1.216729510640602,45538403791.9715,262092136.40268102,1.0,1.882399761217755,442.975146751567,119377.57906403487,1.230320536900405,1.3017577558892914,596887.8953201743,-21840.931358718313,-6339094.678047028
224,444.7647099791066,58.53449408019107,146.27850960103476,45.9651178987165,17.394010546214304,1.4305342751964965,86.94010546214307,12505.313202666417,433746.0949159288,1279.7592279375183,5600000.0,463746.0949159288,0.0,0.0,414227.52064471197,1222.17006268033,1.2165931262585736,45868116961.057434,266202917.06743425,1.0,1.7895632275395883,444.7647099791066,120330.5783509899,1.2313657959128737,1.3070166915839625,601652.8917549496,-21759.241944851354,-6339094.267547461
225,445.96857029151334,62.2949159287634,148.31412794746797,41.32478360362142,17.350233807581333,1.288259874639336,86.50233807581334,14027.8681723212,433352.104268232,1241.4545816336674,5600000.0,463352.104268232,0.0,0.0,413851.25957616157,1185.5891254601524,1.2160550213706307,46077578707.54811,283063856.5264226,1.0,1.2038603124067322,445.96857029151334,120929.35468245379,1.232412832503437,1.310554439717633,604646.773412269,-21700.99044266902,-6339093.974826345
226,447.17243060392,66.05533777733561,150.34974629390112,36.68444930852649,17.30645706894836,1.14598547408218,86.06457068948363,15550.42314197593,432958.1136205353,1203.1499353298177,5600000.0,462958.1136205353,0.0,0.0,413474.99850761116,1149.0081882399759,1.2155171544890218,46287288926.37378,299895737.48813677,1.0,1.2038603124066753,447.17243060392,121529.3394143064,1.2334616512104049,1.3140921878513032,607646.697071532,-21642.590559717268,-6339093.681359597
227,448.37629091632675,69.81575962590794,152.38536464033433,32.04411501343141,17.26268033031539,1.0037110735250194,85.6268033031539,17072.978111630713,432564.1229728385,1164.8452890259668,5600000.0,462564.1229728385,0.0,0.0,413098.73743906076,1112.4272510197984,1.2149795255084763,46497245904.526566,316698559.95257795,1.0,1.2038603124067322,448.37629091632675,122130.53058127008,1.2345122565875497,1.3176299359849737,610652.6529063504,-21584.042287838645,-6339093.387147175
228,449.5801512287335,73.57618147448017,154.4209829867675,27.403780718336474,17.21890359168242,0.8614366729678636,85.1890359168242,18595.533081285448,432170.13232514175,1126.5406427221171,5600000.0,462170.13232514175,0.0,0.0,412722.47637051035,1075.8463137996218,1.2144421343237688,46707447928.99857,333472323.919745,1.0,1.2038603124067322,449.5801512287335,122732.92621991358,1.2355646532041713,1.3211676841186442,613664.631099568,-21525.345618852414,-6339093.092189039
229,451.1073624514974,75.56314794547808,155.61091433688193,26.071574967664926,17.212436573475276,0.8397970351208847,85.0,19281.85285046264,431813.45139787084,1109.3781713262363,5600000.0,461813.45139787084,0.0,0.0,412381.8460849666,1059.4561536165556,1.2141582785843614,46989022797.82952,342213624.8013592,1.0,1.527211222763924,451.1073624514974,123539.30111797745,1.2365189397128775,1.325655653858466,617696.5055898872,-21453.448363667354,-6339092.7308963
230,452.8803203661327,76.20228832951945,156.15812356979407,27.253546910755144,17.234324942791762,0.9098398169336384,85.0,19332.633867276887,431485.1258581236,1108.2837528604118,5600000.0,461485.1258581236,0.0,0.0,412068.295194508,1058.4109839816933,1.214066985829814,47325434543.068375,344862837.0605938,1.0,1.772957914635299,452.8803203661327,124502.92425340966,1.2373986663292749,1.3308657920189624,622514.6212670483,-21371.347200940363,-6339092.318327643
231,454.6532782807681,76.84142871356084,156.7053328027062,28.4355188538454,17.256213312108247,0.9798825987463944,85.0,19383.414884091137,431156.8003183763,1107.1893343945876,5600000.0,461156.8003183763,0.0,0.0,411754.74430404935,1057.365814346831,1.2139756999395834,47662769661.375435,347507933.5450885,1.0,1.7729579146354126,454.6532782807681,125470.2177671036,1.2382796456073095,1.336075930179459,627351.088835518,-21288.924361399375,-6339091.904142519
232,456.4262361954034,77.48056909760223,157.25254203561835,29.61749079693562,17.278101681424733,1.049925380559148,85.0,19434.195900905383,430828.47477862897,1106.0949159287634,5600000.0,460828.47477862897,0.0,0.0,411441.19341359066,1056.320644711969,1.2138844209131534,48001025056.595085,350148914.2548432,1.0,1.772957914635299,456.4262361954034,126441.18081473396,1.2391618802244249,1.3412860683399552,632205.9040736698,-21206.179820072837,-6339091.488340804
233,458.19919411003883,78.11970948164362,157.7997512685305,30.79946274002588,17.299990050741222,1.119968162371904,85.0,19484.97691771963,430500.1492388817,1105.000497462939,5600000.0,460500.1492388817,0.0,0.0,411127.64252313203,1055.2754750771066,1.213793148750008,48340197632.57181,352785779.1898581,1.0,1.7729579146354126,458.19919411003883,127415.81255210344,1.2400453728657004,1.346496206500452,637079.0627605172,-21123.11355189141,-6339091.070922371
234,459.9721520246742,78.7676012337081,158.34696050144265,31.981434683116134,17.321878420057708,1.1900109441846598,85.0,19535.757934533878,430171.8236991344,1103.9060789971147,5600000.0,460171.8236991344,0.0,0.0,410814.09163267334,1054.2303054422446,1.2137006338559388,48680284293.14996,355458021.03380114,1.0,1.7729579146353558,459.9721520246742,128393.97994413656,1.2409301262238797,1.3517063446609485,641969.8997206828,-21039.716794553213,-6339090.651843188
235,461.74510993930954,79.41549696547608,158.89416973435482,33.16340662620635,17.343766789374193,1.2600537259974136,85.0,19586.538951348124,429843.49815938715,1102.8116605312905,5600000.0,459843.49815938715,0.0,0.0,410500.5407422147,1053.1851358073825,1.213608125445111,49021281942.17401,358126108.6947253,1.0,1.7729579146353558,461.74510993930954,129375.81225544962,1.2418161429993955,1.356916482821445,646879.0612772481,-20955.998255495913,-6339090.231147013
236,463.5180678539449,80.06339269724407,159.44137896726696,34.345378569296614,17.36565515869068,1.3300965078101694,85.0,19637.319968162374,429515.17261963984,1101.717242065466,5600000.0,459515.17261963984,0.0,0.0,410186.989851756,1052.13996617252,1.2135156240852856,49363187483.48836,360790024.20043355,1.0,1.7729579146353558,463.5180678539449,130361.3086905589,1.2427034259003993,1.3621266209819416,651806.5434527945,-20871.957913324237,-6339089.808833735
237,465.29102576858025,80.71128842901204,159.9885882001791,35.52735051238683,17.38754352800716,1.400139289622923,85.0,19688.10098497662,429186.8470798925,1100.6228235996418,5600000.0,459186.8470798925,0.0,0.0,409873.43896129733,1051.0947965376579,1.213423129775925,49705997820.93744,363449767.5509259,1.0,1.7729579146353558,465.29102576858025,131350.46839445576,1.2435919776427875,1.367336759142438,656752.3419722788,-20787.595742571168,-6339089.384903229
238,467.0639836832156,81.36295691970949,160.53579743309126,36.709322455477086,17.40943189732365,1.470182071435679,85.0,19738.882001790866,428858.5215401453,1099.5284051338176,5600000.0,458858.5215401453,0.0,0.0,409559.8880708387,1050.0496269027958,1.2133301039749629,50049709858.36568,366122315.65176183,1.0,1.7729579146353558,467.0639836832156,132343.23177117808,1.2444818009502296,1.3725468973029344,661716.1588558904,-20702.907950654626,-6339088.959336435
239,468.83694159785097,82.01960799920406,161.0830066660034,37.891294398567304,17.431320266640135,1.5402248532484326,85.0,19789.663018605115,428530.19600039796,1098.4339866679932,5600000.0,458530.19600039796,0.0,0.0,409246.33718038,1049.0044572679335,1.2132363741222267,50394320499.617485,368813072.2362544,1.0,1.7729579146353558,468.83694159785097,133339.57766056538,1.2453728985541972,1.377757035463431,666697.8883028268,-20617.893303588033,-6339088.532127154
240,470.6098995124863,82.67625907869865,161.63021589891554,39.07326634165756,17.45320863595662,1.6102676350611886,85.0,19840.44403541936,428201.87046065065,1097.339568202169,5600000.0,458201.87046065065,0.0,0.0,408932.7862899214,1047.9592876330712,1.2131426515101296,50739826648.53731,371499600.2850553,1.0,1.7729579146353558,470.6098995124863,134339.582192642,1.2462652731939896,1.3829671736239275,671697.91096321,-20532.556750485674,-6339088.103300254
241,472.38285742712173,83.33291015819323,162.1774251318277,40.25523828474782,17.475097005273106,1.6803104168739447,85.0,19891.22505223361,427873.5449209034,1096.2451497363445,5600000.0,457873.5449209034,0.0,0.0,408619.23539946275,1046.914117998209,1.213048936138112,51086225208.969574,374181899.7981645,1.0,1.7729579146354126,472.38285742712173,135343.24450161832,1.2471589276167632,1.3881773117844243,676716.2225080915,-20446.89826548379,-6339087.672855605
242,474.15581534175703,83.9895612376878,162.72463436473984,41.43721022783804,17.496985374589592,1.7503531986866983,85.0,19942.006069047857,427545.2193811561,1095.1507312705203,5600000.0,457545.2193811561,0.0,0.0,408305.68450900406,1045.8689483633468,1.2129552280056148,51433513084.75866,376859970.77558184,1.0,1.772957914635299,474.15581534175703,136350.5637218392,1.248053864577561,1.3933874499449206,681752.818609196,-20360.9178226199,-6339087.240793078
243,475.9287732563924,84.65376181474481,163.271843597652,42.61918217092829,17.51887374390608,1.8203959804994543,85.0,19992.787085862103,427216.89384140883,1094.056312804696,5600000.0,457216.89384140883,0.0,0.0,407992.1336185454,1044.8237787284847,1.2128604498778346,51781687179.74904,379567663.3981876,1.0,1.7729579146353558,475.9287732563924,137361.41698659112,1.2489500868393375,1.3985975881054171,686807.0849329556,-20274.607856811956,-6339086.807074658
244,477.70173117102775,85.31916824196598,163.81905283056415,43.80115411401851,17.540762113222566,1.8904387623122079,85.0,20043.568102676352,426888.5683016615,1092.9618943388718,5600000.0,456888.5683016615,0.0,0.0,407678.58272808674,1043.7786090936227,1.2127655071071881,52130744397.78512,382276481.73722005,1.0,1.7729579146353558,477.70173117102775,138375.90399878946,1.2498475971729912,1.4038077262659134,691879.5199939472,-20187.97467630729,-6339086.371732042
245,479.47468908566316,85.98457466918715,164.36626206347628,44.98312605710876,17.562650482539052,1.960481544124964,85.0,20094.3491194906,426560.2427619142,1091.8674758730474,5600000.0,456560.2427619142,0.0,0.0,407365.03183762805,1042.7334394587601,1.212670571768666,52480681642.71133,384981015.16008496,1.0,1.7729579146354126,479.47468908566316,139394.04322523068,1.2507463983573899,1.4090178644264102,696970.2161261535,-20101.01945898682,-6339085.93477115
246,481.24764700029846,86.64998109640833,164.91347129638842,46.16509800019898,17.584538851855537,2.0305243259377175,85.0,20145.130136304844,426231.91722216696,1090.7730574072232,5600000.0,456231.91722216696,0.0,0.0,407051.4809471694,1041.688269823898,1.2125756438616868,52831495818.37207,387681263.66678226,1.0,1.772957914635299,481.24764700029846,140415.83378951272,1.2516464931794005,1.4142280025869065,702079.1689475636,-20013.742178492248,-6339085.496191852
247,483.02060491493387,87.3179584120983,165.4606805293006,47.34706994328924,17.606427221172023,2.1005671077504737,85.0,20195.911153119094,425903.59168241965,1089.678638941399,5600000.0,455903.59168241965,0.0,0.0,406737.9300567107,1040.643100189036,1.2124803566618754,53183183828.6118,390388721.409036,1.0,1.7729579146354126,483.02060491493387,141441.23203540864,1.2525478844339186,1.4194381407474033,707206.1601770432,-19926.14024076704,-6339085.055981109
248,484.7935628295692,87.99212018704608,166.00788976221276,48.529041886379495,17.62831559048851,2.1706098895632295,85.0,20246.69216993334,425575.26614267234,1088.5842204755745,5600000.0,455575.26614267234,0.0,0.0,406424.37916625204,1039.5979305541737,1.2123841948389817,53535742577.27492,393119507.78543925,1.0,1.7729579146353558,484.7935628295692,142470.17558527834,1.2534505749238962,1.4246482789078998,712350.8779263917,-19838.210009993054,-6339084.614120653
249,486.5665207442046,88.66628196199385,166.55509899512487,49.711013829469714,17.650203959804994,2.240652671375983,85.0,20297.47318674759,425246.9406029251,1087.4898020097503,5600000.0,455246.9406029251,0.0,0.0,406110.82827579346,1038.5527609193116,1.2122880406426828,53889168968.20586,395845952.86519897,1.0,1.7729579146353558,486.5665207442046,143502.76571613492,1.254354567460372,1.4298584170683963,717513.8285806746,-19749.957635893486,-6339084.170641386
250,488.33947865884,89.34044373694162,167.10230822803703,50.89298577255997,17.67209232912148,2.310695453188739,85.0,20348.254203561835,424918.6150631778,1086.3953835439258,5600000.0,454918.6150631778,0.0,0.0,405797.2773853348,1037.507591284449,1.2121918940723737,54243459905.24905,398568056.64831525,1.0,1.7729579146354126,488.33947865884,144539.00154086034,1.2552598648624989,1.4350685552288929,722695.0077043017,-19661.38309171144,-6339083.725543174
251,490.1124365734753,90.01460551188937,167.64951746094917,52.074957715650186,17.693980698437965,2.3807382350014925,85.0,20399.03522037608,424590.2895234305,1085.3009650781016,5600000.0,454590.2895234305,0.0,0.0,405483.72649487614,1036.462421649587,1.2120957551274494,54598612292.24889,401285819.1347878,1.0,1.772957914635299,490.1124365734753,145578.88217247825,1.2561664699575752,1.4402786933893892,727894.4108623911,-19572.486350590363,-6339083.278825882
252,491.8853944881107,90.69511491393892,168.19672669386134,53.25692965874045,17.71586906775445,2.4507810168142488,85.0,20449.81623719033,424261.9639836832,1084.2065466122774,5600000.0,454261.9639836832,0.0,0.0,405170.17560441745,1035.417252014725,1.2119987187109775,54954623033.04984,404027517.65822405,1.0,1.7729579146354126,491.8853944881107,146622.2972295642,1.2570743855810724,1.445488831549886,733111.486147821,-19483.261045191437,-6339082.830457513
253,493.658352402746,91.37803203661328,168.74393592677347,54.438901601830665,17.73775743707094,2.5208237986270023,85.0,20500.597254004577,423933.63844393595,1083.1121281464532,5600000.0,453933.63844393595,0.0,0.0,404856.6247139588,1034.3720823798628,1.2119013467781843,55311489031.49629,406775552.14201766,1.0,1.772957914635299,493.658352402746,147669.31192709145,1.2579836145766654,1.4506989697103823,738346.5596354571,-19393.711083452217,-6339082.380457706
254,495.43131031738136,92.06094915928765,169.2911451596856,55.62087354492092,17.759645806387425,2.5908665804397586,85.0,20551.378270818826,423605.31290418864,1082.0177096806287,5600000.0,453605.31290418864,0.0,0.0,404543.07382350013,1033.3269127450003,1.2118039826682487,55669207191.432686,409519188.94869184,1.0,1.7729579146353558,495.43131031738136,148719.96660411934,1.2588941597962635,1.4559091078708788,743599.8330205968,-19303.838843123056,-6339081.928838408
255,497.2042682320167,92.74386628196199,169.83835439259775,56.80284548801114,17.78153417570391,2.660909362252512,85.0,20602.159287633072,423276.98736444133,1080.9232912148045,5600000.0,453276.98736444133,0.0,0.0,404229.52293304144,1032.2817431101382,1.2117066263805423,56027774416.703445,412258428.0782466,1.0,1.7729579146353558,497.2042682320167,149774.2603629905,1.2598060241000373,1.4611192460313753,748871.3018149525,-19213.644296951592,-6339081.475599482
256,498.9772261466521,93.42815242264452,170.38556362550992,57.98481743110139,17.803422545020396,2.730952144065268,85.0,20652.94030444732,422948.6618246941,1079.8288727489803,5600000.0,452948.6618246941,0.0,0.0,403915.9720425828,1031.2365734752761,1.2116090827715202,56387187611.15301,414999350.58408606,1.0,1.7729579146353558,498.9772261466521,150832.16801301975,1.2607192103564517,1.4663293841918719,754160.8400650988,-19123.126049974002,-6339081.020733919
257,500.7501840612875,94.11982489304548,170.93277285842208,59.16678937419165,17.82531091433688,2.8009949258780242,85.0,20703.721321261568,422620.33628494677,1078.7344542831559,5600000.0,452620.33628494677,0.0,0.0,403602.4211521241,1030.1914038404138,1.2115104942360506,56747443678.62578,417768652.21905255,1.0,1.7729579146354126,500.7501840612875,151893.58061552668,1.2616337214422937,1.4715395223523684,759467.9030776335,-19032.278063328937,-6339080.564211373
258,502.5231419759228,94.81149736344642,171.47998209133422,60.34876131728187,17.847199283653367,2.871037707690778,85.0,20754.502338075814,422292.01074519946,1077.6400358173316,5600000.0,452292.01074519946,0.0,0.0,403288.8702616655,1029.1462342055518,1.2114119137227226,57108539522.96616,420533499.79642373,1.0,1.772957914635299,502.5231419759228,152958.6274129439,1.2625495602427035,1.4767496605128647,764793.1370647195,-18941.10768798832,-6339080.106068783
259,504.2960998905582,95.5031698338474,172.02719132424636,61.53073326037213,17.869087652969853,2.9410804895035336,85.0,20805.283354890063,421963.6852054522,1076.5456173515072,5600000.0,451963.6852054522,0.0,0.0,402975.31937120686,1028.1010645706892,1.211313341230883,57470472048.01864,423293893.3161997,1.0,1.7729579146354126,504.2960998905582,154027.30749696467,1.2634667296512059,1.4819597986733615,770136.5374848234,-18849.614896299317,-6339079.646306012
260,506.06905780519355,96.19484230424834,172.5744005571585,62.71270520346235,17.89097602228634,3.011123271316287,85.0,20856.06437170431,421635.3596657049,1075.451198885683,5600000.0,451635.3596657049,0.0,0.0,402661.7684807482,1027.0558949358272,1.2112147767598793,57833238157.62759,426049832.7783804,1.0,1.7729579146353558,506.06905780519355,155099.61995943115,1.2643852325697382,1.487169936833858,775498.0997971558,-18757.79966051411,-6339079.184922917
261,507.8420157198289,96.89166053129044,173.12160979007066,63.8946771465526,17.912864391602824,3.081166053129043,85.0,20906.845388518555,421307.03412595764,1074.3567804198588,5600000.0,451307.03412595764,0.0,0.0,402348.21759028954,1026.010725300965,1.2111154871199474,58196834755.63744,428824092.3248151,1.0,1.7729579146353558,507.8420157198289,156175.4693463108,1.265305071908684,1.4923800749943545,780877.3467315539,-18665.65681157913,-6339078.721893526
262,509.6149736344642,97.59208834941798,173.6688190229828,65.07664908964281,17.93475276091931,3.1512088349417966,85.0,20957.6264053328,420978.7085862103,1073.2623619540345,5600000.0,450978.7085862103,0.0,0.0,402034.66669983085,1024.965555666103,1.2110156913519712,58561258745.89262,431609828.4200223,1.0,1.772957914635299,509.6149736344642,157254.88120919088,1.266226250586901,1.4975902131548509,786274.4060459544,-18573.18785595242,-6339078.257225406
263,511.3879315490996,98.29251616754553,174.21602825589497,66.25862103273307,17.9566411302358,3.221251616754553,85.0,21008.40742214705,420650.383046463,1072.16794348821,5600000.0,450650.383046463,0.0,0.0,401721.11580937216,1023.9203860312406,1.210915903807154,58926507032.23757,434391054.0771585,1.0,1.7729579146354126,511.3879315490996,158337.92049342097,1.2671487715317533,1.5028003513153474,791689.6024671048,-18480.396371871233,-6339077.790936542
264,513.160889463735,98.99294398567307,174.76323748880708,67.4405929758233,17.978529499552284,3.2912943985673064,85.0,21059.188438961297,420322.05750671576,1071.0735250223859,5600000.0,450322.05750671576,0.0,0.0,401407.56491891353,1022.8752163963785,1.2108161244848186,59292576518.51671,437167769.2962234,1.0,1.7729579146353558,513.160889463735,159424.58628022968,1.268072637679143,1.508010489475844,797122.9314011483,-18387.282331186347,-6339077.32302679
265,514.9338473783703,99.69353895134813,175.31044672171925,68.62256491891355,18.00041786886877,3.3613371803800622,85.0,21109.969455775547,419993.73196696845,1069.9791065565614,5600000.0,449993.73196696845,0.0,0.0,401094.01402845484,1021.8300467615161,1.2107163295762553,59659464108.57441,439940711.6878165,1.0,1.772957914635299,514.9338473783703,160514.87449456652,1.2689978519735396,1.5132206276363402,802574.3724728327,-18293.845538632013,-6339076.853495169
266,516.7068052930057,100.40272211720229,175.8576559546314,69.8045368620038,18.022306238185255,3.431379962192818,85.0,21160.750472589792,419665.40642722114,1068.8846880907372,5600000.0,449665.40642722114,0.0,0.0,400780.46313799615,1020.784877126654,1.2106153197148652,60027166706.25519,442747014.04799896,1.0,1.7729579146354126,516.7068052930057,161608.62404573773,1.2699244173680133,1.518430765796837,808043.1202286886,-18200.077551025897,-6339076.382299251
267,518.479763207641,101.11190528305642,176.40486518754355,70.98650880509402,18.04419460750174,3.501422744005572,85.0,21211.53148940404,419337.0808874739,1067.790269624913,5600000.0,449337.0808874739,0.0,0.0,400466.9122475375,1019.7397074917918,1.210514318280711,60395681215.40339,445548749.58963436,1.0,1.772957914635299,518.479763207641,162705.99508316975,1.2708523368242644,1.5236409039573333,813529.9754158488,-18105.98692125827,-6339075.909482016
268,520.2527211222764,101.82108844891057,176.9520744204557,72.16848074818428,18.06608297681823,3.571465525818328,85.0,21262.312506218288,419008.7553477266,1066.6958511590885,5600000.0,449008.7553477266,0.0,0.0,400153.3613570789,1018.6945378569295,1.2104133252730898,60765004539.86349,448345918.3127227,1.0,1.7729579146354126,520.2527211222764,163806.98667751037,1.2717816133126567,1.52885104211783,819034.9333875518,-18011.57362078037,-6339075.43504332
269,522.0256790369117,102.5302716147647,177.49928365336783,73.3504526912745,18.087971346134715,3.641508307631082,85.0,21313.093523032534,418680.4298079793,1065.6014326932643,5600000.0,448680.4298079793,0.0,0.0,399839.81046662026,1017.6493682220673,1.2103123406912981,61135133583.47986,451138520.2172639,1.0,1.772957914635299,522.0256790369117,164911.59789956326,1.272712249812248,1.5340611802783264,824557.9894978163,-17916.837620942853,-6339074.95898302
270,523.5225649189135,105.34351805790477,178.19438861804798,71.75198487712657,18.070420853646404,3.563655357675849,84.70420853646402,21782.123669286655,418352.104268232,1047.7454979604013,5600000.0,448352.104268232,0.0,0.0,399526.25957616157,1000.5969505521832,1.2099118296926639,61441247862.23414,463177768.3944937,1.0,1.496885882001834,523.5225649189135,165803.82229035394,1.2736442493108218,1.538460033850285,829019.1114517697,-17834.38885355182,-6339074.544667605
271,524.6826484926872,110.72367923589691,179.0699233907074,66.76143667296787,18.004755745696947,3.30537259974132,84.04755745696946,22761.409312506217,418023.7787284847,1009.4408516565517,5600000.0,448023.7787284847,0.0,0.0,399212.7086857029,964.0160133320068,1.2091462460507874,61668654530.41702,486476928.9204283,1.0,1.1600835737737043,524.6826484926872,166434.07262016338,1.2745776148049208,1.5418691365972765,832170.3631008168,-17767.134949366562,-6339074.206708288
272,525.842732066461,116.10384041388923,179.94545816336685,61.77088846880902,17.939090637747487,3.047089841806782,83.39090637747486,23740.694955725812,417695.45318873745,971.1362053527007,5600000.0,447695.45318873745,0.0,0.0,398899.15779524425,927.4350761118292,1.2083811468395103,61896264458.6977,509741443.6439296,1.0,1.160083573773818,525.842732066461,167065.08520235363,1.2755123492998772,1.5452782393442681,835325.4260117682,-17699.74266320374,-6339073.868053584
273,527.0028156402348,121.48400159188155,180.8209929360263,56.78034026465015,17.87342552979803,2.7888070838722445,82.73425529798028,24719.980598945403,417367.12764899014,932.8315590488498,5600000.0,447367.12764899014,0.0,0.0,398585.60690478556,890.8541388916516,1.207616531752304,62124076321.50055,532971312.56499654,1.0,1.1600835737737043,527.0028156402348,167696.85779092193,1.276448455809846,1.5486873420912597,838484.2889546098,-17632.211986301467,-6339073.528703448
274,528.1628992140086,126.86416276987369,181.69652770868572,51.78979206049146,17.807760421848574,2.5305243259377157,82.07760421848572,25699.266242164966,417038.8021092429,894.5269127450001,5600000.0,447038.8021092429,0.0,0.0,398272.0560143269,854.273201671475,1.2068524004828347,62352088793.25014,556166535.6836284,1.0,1.160083573773818,528.1628992140086,168329.3881430543,1.277385937357837,1.5520964448382513,841646.9407152715,-17564.542909877375,-6339073.188657839
275,529.7476171525221,128.22959904487118,182.1860312406726,52.396696846085,17.81930156203363,2.5868570291513304,82.0,25874.83484230425,416652.5718833947,889.0349218983185,5600000.0,446652.5718833947,0.0,0.0,397903.2061486419,849.0283504128942,1.2066585478127274,62672622398.85955,561666858.6420513,1.0,1.5847179385135632,529.7476171525221,169313.82531290152,1.2784905208532382,1.5567534078360283,846569.1265645076,-17477.861666041426,-6339072.753073699
276,531.3892448512586,129.05697940503433,182.62379862700232,53.7537757437071,17.841189931350115,2.6853546910755153,82.0,25942.688787185354,416258.58123569796,887.9405034324943,5600000.0,446258.58123569796,0.0,0.0,397526.94508009154,847.9831807780321,1.2065410987544247,63006028465.61027,564792280.3900923,1.0,1.6416276987364427,531.3892448512586,170348.23756789393,1.2796192684663157,1.5615776098364882,851741.1878394696,-17388.38231924083,-6339072.30342874
277,533.030872549995,129.8843597651975,183.06156601333203,55.11085464132925,17.8630783006666,2.7838523529997037,82.0,26010.542732066464,415864.5905880012,886.84608496667,5600000.0,445864.5905880012,0.0,0.0,397150.68401154113,846.9380111431698,1.2064236611279238,63339949782.92578,567911308.5921673,1.0,1.6416276987364427,533.030872549995,171385.69809278008,1.2807500109272127,1.5664018118369478,856928.4904639004,-17298.626141998917,-6339071.8523926735
278,534.6725002487315,130.71174012536065,183.49933339966174,56.46793353895135,17.884966669983086,2.8823500149238885,82.0,26078.396676947566,415470.59994030447,885.7516665008457,5600000.0,445470.59994030447,0.0,0.0,396774.4229429907,845.8928415083076,1.2063062349321119,63674383165.46088,571023943.2482764,1.0,1.6416276987364427,534.6725002487315,172426.2059679019,1.2818827535288801,1.5712260138374077,862131.0298395094,-17208.59311096091,-6339071.399965381
279,536.3141279474679,131.54186250124366,183.93710078599145,57.825012436573495,17.906855039299572,2.9808476768480765,82.0,26146.250621828676,415076.6092926077,884.6572480350213,5600000.0,445076.6092926077,0.0,0.0,396398.1618744403,844.8476718734453,1.2061884310613855,64009325427.8703,574142152.4633068,1.0,1.6416276987364427,536.3141279474679,173469.70431416662,1.2830175015830114,1.5760502158378673,867348.5215708332,-17118.280461799353,-6339070.946132974
280,537.9557556462044,132.37799820913344,184.3748681723212,59.18209133419564,17.928743408616057,3.0793453387722645,82.0,26214.104566709782,414682.6186449109,883.5628295691971,5600000.0,444682.6186449109,0.0,0.0,396021.9008058899,843.8025022385832,1.2060697854596294,64344773384.8088,577280170.1632152,1.0,1.6416276987364427,537.9557556462044,174516.1240350471,1.2841542604201244,1.5808744178383272,872580.6201752354,-17027.684900712222,-6339070.490878898
281,539.5973833449408,133.2141339170232,184.8126355586509,60.53917023181774,17.950631777932543,3.1778430006964493,82.0,26281.95851159089,414288.6279972142,882.4684111033728,5600000.0,444288.6279972142,0.0,0.0,395645.6397373396,842.757332603721,1.205951151528337,64680723850.93115,580411726.6605866,1.0,1.6416276987364427,539.5973833449408,175565.58618512712,1.285293035389644,1.5856986198387868,877827.9309256357,-16936.812414820306,-6339070.03423324
282,541.2390110436772,134.05026962491297,185.25040294498064,61.896249129439894,17.97252014724903,3.2763406626206373,82.0,26349.812456471995,413894.63734951743,881.3739926375484,5600000.0,443894.63734951743,0.0,0.0,395269.3786687891,841.7121629688587,1.2058325292663612,65017173640.892105,583536821.9554212,1.0,1.6416276987364427,541.2390110436772,176618.08983607075,1.2864338318599886,1.5905228218392466,883090.4491803538,-16845.662980469875,-6339069.576195882
283,542.8806387424137,134.8864053328027,185.68817033131035,63.253328027062,17.994408516565517,3.374838324544822,82.0,26417.6664013531,413500.6467018207,880.2795741717242,5600000.0,443500.6467018207,0.0,0.0,394893.11760023877,840.6669933339966,1.2057139186725534,65354119569.34642,586655456.0477186,1.0,1.6416276987364427,542.8806387424137,177673.63405972638,1.2875766552186527,1.5953470238397063,888368.1702986319,-16754.236573936418,-6339069.116766703
284,544.5222664411501,135.7290597950453,186.12593771764006,64.61040692468414,18.016296885882003,3.47333598646901,82.0,26485.520346234207,413106.65605412395,879.1851557058999,5600000.0,443106.65605412395,0.0,0.0,394516.85653168836,839.6218236991343,1.2055943951602692,65691558450.948845,589795955.4797678,1.0,1.6416276987364427,544.5222664411501,178732.0808562475,1.288721510872292,1.600171225840166,893660.4042812376,-16662.526654411107,-6339068.655912836
285,546.1638941398866,136.57395085066162,186.56370510396977,65.96748582230624,18.03818525519849,3.571833648393195,82.0,26553.374291115313,412712.66540642723,878.0907372400757,5600000.0,442712.66540642723,0.0,0.0,394140.595463138,838.5766540642722,1.2054745663015438,66029487100.35413,592939653.5690025,1.0,1.6416276987364427,546.1638941398866,179793.51743266665,1.289868404246809,1.6049954278406258,898967.5871633332,-16570.537478598766,-6339068.193655672
286,547.805521838623,137.418841906278,187.00147249029948,67.32456471992839,18.060073624514974,3.670331310317383,82.0,26621.22823599642,412318.67475873046,876.9963187742513,5600000.0,442318.67475873046,0.0,0.0,393764.33439458755,837.5314844294099,1.2053547493530885,66367902332.217064,596076822.7991294,1.0,1.6416276987364427,547.805521838623,180857.98960302834,1.2910173407874375,1.6098196298410854,904289.9480151418,-16478.271258484572,-6339067.730006324
287,549.4471495373595,138.26373296189433,187.4392398766292,68.68164361755049,18.08196199383146,3.7688289722415678,82.0,26689.082180877525,411924.68411103374,875.901900308427,5600000.0,441924.68411103374,0.0,0.0,393388.0733260372,836.4863147945478,1.2052349443137202,66706800961.192375,599207463.170148,1.0,1.6416276987364427,549.4471495373595,181925.49643053938,1.292168325958831,1.6146438318415453,909627.4821526969,-16385.727970046923,-6339067.264964674
288,551.0887772360959,139.1101641627699,187.87700726295893,70.03872251517264,18.10385036314795,3.867326634165756,82.0,26756.93612575863,411530.69346333697,874.8074818426027,5600000.0,441530.69346333697,0.0,0.0,393011.8122574868,835.4411451596856,1.2051149328231703,67046179801.93484,602338243.4139634,1.0,1.6416276987364427,551.0887772360959,182996.00382089423,1.2933213652451476,1.6194680338420049,914980.0191044711,-16292.906049283221,-6339066.798522861
289,552.7304049348323,139.96381056611287,188.31477464928867,71.39580141279478,18.125738732464434,3.965824296089944,82.0,26824.790070639738,411136.70281564025,873.7130633767785,5600000.0,441136.70281564025,0.0,0.0,392635.5511889364,834.3959755248234,1.2049939104264658,67386035669.0992,605493696.3916286,1.0,1.6416276987364427,552.7304049348323,184069.38735945564,1.2944764641501367,1.6242922358424647,920346.9367972781,-16199.79979753308,-6339066.330652249
290,554.3720326335688,140.8174569694558,188.75254203561838,72.75288031041688,18.14762710178092,4.064321958014129,82.0,26892.644015520844,410742.7121679435,872.6186449109541,5600000.0,440742.7121679435,0.0,0.0,392259.290120386,833.3508058899612,1.2048729001833078,67726365377.34021,608642552.8536144,1.0,1.6416276987364427,554.3720326335688,185145.80052766984,1.2956336281972294,1.6291164378429244,925729.0026383492,-16106.416404452175,-6339065.861388967
291,556.0136603323052,141.67110337279877,189.1903094219481,74.10995920803903,18.169515471097405,4.1628196199383165,82.0,26960.49796040195,410348.7215202467,871.5242264451298,5600000.0,440348.7215202467,0.0,0.0,391883.0290518356,832.3056362550989,1.2047519020924762,68067165741.31263,611784812.7999213,1.0,1.6416276987364427,556.0136603323052,186225.24238013435,1.2967928629296224,1.6339406398433842,931126.2119006717,-16012.75584572088,-6339065.390732893
292,557.6552880310417,142.5247497761417,189.6280768082778,75.46703810566113,18.191403840413887,4.261317281862501,82.0,27028.351905283056,409954.73087255,870.4298079793056,5600000.0,439954.73087255,0.0,0.0,391506.76798328524,831.2604666202368,1.20463091615275,68408433575.67125,614920476.230549,1.0,1.6416276987364427,557.6552880310417,187307.71197163867,1.29795417391037,1.6387648418438439,936538.5598581933,-15918.818096954376,-6339064.918683904
293,559.2969157297781,143.38371306337677,190.0658441946075,76.82411700328323,18.213292209730373,4.359814943786686,82.0,27096.205850164162,409560.7402248533,869.3353895134812,5600000.0,439560.7402248533,0.0,0.0,391130.50691473484,830.2152969853745,1.2045091889232027,68750165695.07079,618072462.2026781,1.0,1.6416276987364427,559.2969157297781,188393.09051428182,1.2991175667224715,1.6435890438443037,941965.452571409,-15824.597816838883,-6339064.44521516
294,560.9385434285145,144.24611481444637,190.50361158093725,78.18119590090542,18.23518057904686,4.458312605710877,82.0,27164.059795045272,409166.7495771565,868.2409710476569,5600000.0,439166.7495771565,0.0,0.0,390754.24584618444,829.1701273505123,1.2043869867891852,69092358914.166,621232619.1930902,1.0,1.6416276987364427,560.9385434285145,189481.4168944035,1.300283046968961,1.6484132458447633,947407.0844720174,-15730.096858832054,-6339063.970335974
295,562.580171127251,145.10851656551588,190.94137896726696,79.53827479852754,18.257068948363347,4.556810267635063,82.0,27231.91373992638,408772.7589294597,867.1465525818327,5600000.0,438772.7589294597,0.0,0.0,390377.98477763403,828.1249577156502,1.204264797053049,69435010047.61166,624386112.0112517,1.0,1.6416276987364427,562.580171127251,190572.76592872196,1.3014506202729974,1.653237447845223,952863.8296436097,-15635.318636666983,-6339063.494063501
296,564.2217988259874,145.97091831658543,191.37914635359667,80.89535369614964,18.278957317679833,4.655307929559248,82.0,27299.76768480748,408378.768281763,866.0521341160083,5600000.0,438378.768281763,0.0,0.0,390001.7237090837,827.0797880807879,1.2041426197135354,69778115910.06255,627532940.6571634,1.0,1.6416276987364427,564.2217988259874,191667.1366634543,1.3026202922779542,1.6580616498456828,958335.6833172715,-15540.263125657104,-6339063.016397616
297,565.863426524724,146.83365834245353,191.8169137399264,82.25243259377183,18.300845686996322,4.753805591483439,82.0,27367.62162968859,407984.77763406624,864.957715650184,5600000.0,437984.77763406624,0.0,0.0,389625.4626405332,826.0346184459257,1.204020406852944,70121673316.17339,630674558.0763652,1.0,1.6416276987365563,565.863426524724,192764.5204735571,1.303792068647512,1.662885851846143,963822.6023677855,-15444.929962731898,-6339062.537336496
298,567.5050542234603,147.70481544124965,192.25468112625612,83.60951149139393,18.322734056312804,4.852303253407624,82.0,27435.475574569697,407590.7869863695,863.8632971843597,5600000.0,437590.7869863695,0.0,0.0,389249.2015719829,824.9894488110634,1.203897014243952,70465679080.5989,633845628.8917699,1.0,1.641627698736329,567.5050542234603,193864.73201605136,1.3049659550657475,1.6677100538466023,969323.6600802569,-15349.311043089256,-6339062.056839412
299,569.1466819221968,148.57597254004577,192.69244851258583,84.96659038901603,18.34462242562929,4.950800915331809,82.0,27503.329519450803,407196.79633867275,862.7688787185355,5600000.0,437196.79633867275,0.0,0.0,388872.9405034325,823.9442791762013,1.2037736342807057,70810130017.99393,637009967.8783534,1.0,1.6416276987364427,569.1466819221968,194967.96012571765,1.306141957237228,1.672534255847062,974839.8006285883,-15253.414759583771,-6339061.574948541
300,570.7883096209332,149.44712963884191,193.13021589891554,86.32366928663814,18.366510794945775,5.0492985772559935,82.0,27571.183464331905,406802.80569097603,861.6744602527112,5600000.0,436802.80569097603,0.0,0.0,388496.67943488207,822.8991095413392,1.203650266961909,71155022943.01318,640167575.0361158,1.0,1.6416276987364427,570.7883096209332,196074.20384023403,1.3073200808871017,1.6773584578475218,980371.0192011702,-15157.241087240167,-6339061.091663755
301,572.4299373196696,150.3182867376381,193.56798328524528,87.68074818426032,18.38839916426226,5.147796239180185,82.0,27639.037409213015,406408.81504327926,860.5800417868868,5600000.0,436408.81504327926,0.0,0.0,388120.41836633167,821.8539399064769,1.2035269122862662,71500354670.31142,643318450.365057,1.0,1.6416276987364427,572.4299373196696,197183.46219747842,1.3085003317611923,1.6821826598479814,985917.3109873922,-15060.790001004003,-6339060.606984929
302,574.0715650184061,151.1935588498657,194.005750671575,89.03782708188243,18.410287533578746,5.246293901104369,82.0,27706.89135409412,406014.82439558255,859.4856233210626,5600000.0,436014.82439558255,0.0,0.0,387744.1572977813,820.8087702716148,1.2034029876618162,71846122014.5434,646480189.0238677,1.0,1.6416276987364427,574.0715650184061,198295.63823677384,1.3096827156260908,1.6870068618484413,991478.1911838691,-14964.057359655388,-6339060.120891254
303,575.7131927171425,152.07347129638842,194.4435180579047,90.39490597950453,18.432175902895235,5.344791563028554,82.0,27774.745298975227,405620.8337478858,858.3912048552382,5600000.0,435620.8337478858,0.0,0.0,387367.8962292309,819.7636006367525,1.2032784189016656,72192321790.36389,649654987.4754399,1.0,1.6416276987364427,575.7131927171425,199410.71705267337,1.3108672382692512,1.691831063848901,997053.5852633668,-14867.042612148449,-6339059.63337996
304,577.3548204158791,152.9533837429112,194.88128544423444,91.75198487712672,18.45406427221172,5.443289224952746,82.0,27842.599243856337,405226.843100189,857.2967863894139,5600000.0,435226.843100189,0.0,0.0,386991.63516068045,818.7184310018903,1.203153863036095,72538950812.42764,652822986.4416199,1.0,1.6416276987365563,577.3548204158791,200528.80532110657,1.3120539054990834,1.696655265849361,1002644.0266055329,-14769.750374617055,-6339059.144474245
305,578.9964481146154,153.83329618943392,195.31905283056415,93.10906377474882,18.475952641528206,5.541786886876931,82.0,27910.45318873744,404832.8524524923,856.2023679235897,5600000.0,434832.8524524923,0.0,0.0,386615.3740921301,817.6732613670281,1.2030293200637696,72886005895.38939,655984185.9224075,1.0,1.641627698736329,578.9964481146154,201649.90207144967,1.3132427231450479,1.7014794678498204,1008249.5103572485,-14672.1806217134,-6339058.654173979
306,580.6380758133519,154.71320863595665,195.75682021689386,94.46614267237092,18.49784101084469,5.640284548801116,82.0,27978.307133618546,404438.86180479557,855.1079494577654,5600000.0,434438.86180479557,0.0,0.0,386239.11302357976,816.6280917321659,1.2029047899833547,73233483853.90393,659138585.9178029,1.0,1.6416276987364427,580.6380758133519,202774.0063332826,1.314433697057753,1.70630366985028,1013870.031666413,-14574.333328011446,-6339058.162479036
307,582.2797035120883,155.60101283454384,196.19458760322357,95.82322156999302,18.519729380161177,5.7387822107253,82.0,28046.161078499652,404044.8711570988,854.0135309919411,5600000.0,434044.8711570988,0.0,0.0,385862.85195502936,815.5829220973037,1.2027791560830106,73581381502.62599,662319777.8767248,1.0,1.6416276987364427,582.2797035120883,203900.9278262338,1.3156268331090506,1.71112787185074,1019504.639131169,-14476.200572997332,-6339057.669349613
308,583.9213312108249,156.4896806287932,196.6323549895533,97.18030046761521,18.541617749477666,5.837279872649491,82.0,28114.01502338076,403650.880509402,852.9191125261168,5600000.0,433650.880509402,0.0,0.0,385486.5908864789,814.5377524624415,1.2026534131151554,73929695656.21037,665497781.9478893,1.0,1.6416276987365563,583.9213312108249,205030.8319610996,1.3168221371921298,1.7159520738512,1025154.159805498,-14377.789361655712,-6339057.174820913
309,585.5629589095612,157.37834842304252,197.07012237588302,98.53737936523731,18.56350611879415,5.935777534573676,82.0,28181.868968261864,403256.8898617053,851.8246940602925,5600000.0,433256.8898617053,0.0,0.0,385110.32981792855,813.4925828275793,1.2025276832929337,74278423129.31175,668668918.8770905,1.0,1.641627698736329,585.5629589095612,206163.73836052525,1.318019615221618,1.7207762758516594,1030818.6918026261,-14279.100532270037,-6339056.678897147
310,587.2045866082976,158.26701621729183,197.50788976221273,99.89445826285942,18.585394488110637,6.034275196497861,82.0,28249.72291314297,402862.89921400853,850.7302755944683,5600000.0,432862.89921400853,0.0,0.0,384734.06874937814,812.4474131927171,1.2024019666149712,74627560736.58496,671833188.664328,1.0,1.6416276987364427,587.2045866082976,207299.6460456272,1.3192192731336752,1.725600477852119,1036498.230228136,-14180.134059120901,-6339056.181578186
311,588.8462143070341,159.158597154512,197.94565714854244,101.25153716048152,18.607282857427123,6.132772858422046,82.0,28317.576858024077,402468.9085663118,849.6358571286439,5600000.0,432468.9085663118,0.0,0.0,384357.80768082774,811.402243557855,1.2022758510325946,74977105292.68472,675002946.156422,1.0,1.6416276987364427,588.8462143070341,208438.4826011164,1.3204211168860944,1.7304246798525789,1042192.413005582,-14080.887001706287,-6339055.682849254
312,590.4878420057705,160.05602029648796,198.38342453487218,102.6086160581037,18.62917122674361,6.231270520346237,82.0,28385.430802905186,402074.91791861504,848.5414386628196,5600000.0,432074.91791861504,0.0,0.0,383981.54661227734,810.3570739229926,1.2021489224188986,75327053612.26581,678190568.6291378,1.0,1.6416276987364427,590.4878420057705,209580.17365412685,1.3216251524583988,1.7352488818530385,1047900.8682706343,-13981.35640316084,-6339055.182695493
313,592.129469704507,160.95344343846386,198.8211919212019,103.96569495572581,18.651059596060094,6.3297681822704215,82.0,28453.284747786292,401680.9272709183,847.4470201969953,5600000.0,431680.9272709183,0.0,0.0,383605.285543727,809.3119042881304,1.2020220072055159,75677402509.98297,681371256.3033191,1.0,1.6416276987364427,592.129469704507,210724.86069800402,1.3228313858519405,1.7400730838534983,1053624.30349002,-13881.54808270745,-6339054.681146144
314,593.7710974032434,161.85086658043977,199.2589593075316,105.32277385334791,18.67294796537658,6.428265844194606,82.0,28521.138692667395,401286.93662322155,846.352601731171,5600000.0,431286.93662322155,0.0,0.0,383229.0244751766,808.2667346532683,1.2018951053910316,76028148800.49097,684545009.1789658,1.0,1.6416276987364427,593.7710974032434,211872.54274543474,1.3240398230900032,1.744897285853958,1059362.7137271736,-13781.462014331482,-6339054.178201077
315,595.41272510198,162.74828972241573,199.69672669386134,106.67985275097011,18.694836334693065,6.526763506118798,82.0,28588.992637548505,400892.9459755248,845.2581832653467,5600000.0,430892.9459755248,0.0,0.0,382852.7634066261,807.2215650184061,1.2017682169740314,76379289298.44456,687711827.2560784,1.0,1.6416276987365563,595.41272510198,213023.218809317,1.3252504702178984,1.749721487854418,1065116.094046585,-13681.098171942867,-6339053.673860161
316,596.7031340165157,168.4523927967368,200.8703810566113,102.90244751765982,18.63310118396179,6.4245647199283615,81.49825887971345,28599.81534175704,400498.95532782807,815.7317679832844,5600000.0,430498.95532782807,0.0,0.0,382476.5023380758,779.0238384240365,1.2009620157744403,76640573158.55774,711164323.9415455,1.0,1.2904089145357602,596.7031340165157,213804.0431724602,1.3264633333030689,1.75351357376507,1069020.215862301,-13597.009598608129,-6339053.251304516
317,597.885105959606,175.64053328027066,202.27123669286638,97.53979703512087,18.54554770669585,6.26040195005472,80.84160780021888,28593.02994726893,400104.96468013135,777.4271216794348,5600000.0,430104.96468013135,0.0,0.0,382100.24126952543,742.4429012038602,1.1999468352402787,76874079668.25035,740832247.2611837,1.0,1.181971943090275,597.885105959606,214470.45764405077,1.3276784184351893,1.7569869992054012,1072352.2882202538,-13517.8716338519,-6339052.853626301
318,599.0670779026963,182.8286737638045,203.67209232912145,92.17714655258192,18.457994229429907,6.096239180181079,80.18495672072432,28586.24455278082,399710.9740324346,739.122475375585,5600000.0,429710.9740324346,0.0,0.0,381723.980200975,705.8619639836837,1.1989325128444288,77107630206.06754,770444624.5359752,1.0,1.181971943090275,599.0670779026963,215137.26767299557,1.3288957317262684,1.7604604246457323,1075686.3383649779,-13438.589339776896,-6339052.4552228125
319,600.2490498457865,190.01681424733883,205.0729479653766,86.81449607004261,18.37044075216396,5.932076410307427,79.52830564122971,28579.459158292706,399316.9833847378,700.817829071733,5600000.0,429316.9833847378,0.0,0.0,381347.71913242457,669.2810267635049,1.1979190478615014,77341223120.7263,800001455.7659221,1.0,1.181971943090275,600.2490498457865,215804.47069851006,1.3301152793107514,1.7639338500860633,1079022.3534925503,-13359.162705656141,-6339052.056093998
320,601.4951945080093,196.0019301562034,206.2684509004079,82.78663814545818,18.304278181275496,5.824813451397873,79.0,28585.59387125659,398935.82728086755,669.7860909362253,5600000.0,428935.82728086755,0.0,0.0,380983.7150532285,639.6457168440951,1.1970758524798875,77593733872.38623,824467131.0528399,1.0,1.2461446622227186,601.4951945080093,216548.9082859071,1.331297231307567,1.7675958579682307,1082744.5414295355,-13276.861978363246,-6339051.642522505
321,603.0054919908467,197.0350611879415,206.61866480947168,84.25315888966271,18.32616655059198,5.951765993433488,79.0,28644.911352104267,398607.5017411203,668.6916724704009,5600000.0,428607.5017411203,0.0,0.0,380670.16416276986,638.6005472092329,1.1969303629441062,77924191963.56859,828178509.4359416,1.0,1.5102974828374727,603.0054919908467,217611.29002687288,1.3323170428606954,1.7720341238086534,1088056.4501343644,-13183.12619374413,-6339051.171488411
322,604.5157894736843,198.0681922196797,206.96887871853548,85.71967963386734,18.348054919908467,6.078718535469113,79.0,28704.228832951947,398279.176201373,667.5972540045766,5600000.0,428279.176201373,0.0,0.0,380356.61327231117,637.5553775743706,1.1967848910907506,78255029684.0683,831883234.9228885,1.0,1.5102974828375864,604.5157894736843,218676.14019532828,1.333338418020916,1.7764723896490766,1093380.7009766414,-13089.155161454342,-6339050.699272168
323,606.0260869565218,199.1013232514178,207.31909262759925,87.18620037807187,18.369943289224953,6.205671077504729,79.0,28763.546313799623,397950.8506616257,666.5028355387524,5600000.0,427950.8506616257,0.0,0.0,380043.06238185253,636.5102079395085,1.1966394369176718,78586244787.15515,835581307.51368,1.0,1.5102974828374727,606.0260869565218,219743.45784378683,1.3343613603870446,1.7809106554894993,1098717.2892189343,-12994.948860751465,-6339050.225873672
324,607.5363844393593,200.13445428315592,207.66930653666304,88.6527211222764,18.391831658541438,6.332623619540345,79.0,28822.8637946473,397622.5251218784,665.408417072928,5600000.0,427622.5251218784,0.0,0.0,379729.5114913939,635.4650383046462,1.1964940004227211,78917835026.09895,839272727.2083168,1.0,1.5102974828374727,607.5363844393593,220813.2420249965,1.3353858735689494,1.7853489213299223,1104066.2101249825,-12900.507270845585,-6339049.751292818
325,609.0466819221969,201.1730733260372,208.0195204457268,90.11924186648093,18.413720027857924,6.459576161575961,79.0,28882.181275494975,397294.1995821311,664.3139986071038,5600000.0,427294.1995821311,0.0,0.0,379415.9606009352,634.4198686697841,1.1963478091834878,79249798154.1696,842980490.5552388,1.0,1.5102974828375864,609.0466819221969,221885.3485319796,1.3364119611875955,1.7897871871703452,1109426.742659898,-12805.824877798557,-6339049.2755018985
326,610.5569794050344,202.214959705502,208.36973435479058,91.58576261068556,18.43560839717441,6.586528703611585,79.0,28941.498756342655,396965.8740423838,663.2195801412795,5600000.0,426965.8740423838,0.0,0.0,379102.4097104765,633.374699034922,1.1962011759954443,79582131924.63686,846695246.3466802,1.0,1.5102974828375864,610.5569794050344,222959.83258611744,1.3374396268750837,1.7942254530107684,1114799.1629305873,-12710.903883021325,-6339048.7985119745
327,612.0672768878719,203.2568460849667,208.71994826385435,93.0522833548901,18.457496766490895,6.713481245647201,79.0,29000.81623719033,396637.54850263655,662.1251616754552,5600000.0,426637.54850263655,0.0,0.0,378788.8588200179,632.3295294000596,1.196054560779843,79914834090.77052,850403292.8614905,1.0,1.5102974828374727,612.0672768878719,224036.7781122291,1.3384688742746953,1.7986637188511914,1120183.8905611455,-12615.747535822913,-6339048.320339376
328,613.5775743707094,204.2987324644314,209.07016217291812,94.51880409909462,18.479385135807384,6.840433787682818,79.0,29060.133718038007,396309.22296288924,661.0307432096308,5600000.0,426309.22296288924,0.0,0.0,378475.3079295592,631.2843597651975,1.1959079635344811,80247902405.84047,854104630.0996697,1.0,1.5102974828374727,613.5775743707094,225116.18415639273,1.3394997070409371,1.803101984691614,1125580.9207819635,-12520.355815200135,-6339047.840983996
329,615.087871853547,205.34112824594573,209.4203760819819,95.98532484329924,18.50127350512387,6.967386329718441,79.0,29119.451198885687,395980.897423142,659.9363247438065,5600000.0,425980.897423142,0.0,0.0,378161.7570391006,630.2391901303351,1.1957613125955933,80581334623.11652,857801386.0605526,1.0,1.5102974828375864,615.087871853547,226198.03620895385,1.340532128839581,1.8075402505320373,1130990.1810447692,-12424.728190159425,-6339047.360443166
330,616.5981693363844,206.39176997313703,209.77058999104568,97.45184558750377,18.523161874440355,7.094338871754058,79.0,29178.768679733363,395652.5718833947,658.8419062779823,5600000.0,425652.5718833947,0.0,0.0,377848.2061486419,629.1940204954731,1.195613519761415,80915128495.86845,861525849.903627,1.0,1.5102974828374727,616.5981693363844,227282.12625341484,1.34156614334771,1.81197851637246,1136410.6312670743,-12328.856894686818,-6339046.878677863
331,618.1084668192219,207.44241170032834,210.12080390010945,98.9183663317083,18.54505024375684,7.2212914137896735,79.0,29238.08616058104,395324.2463436474,657.7474878121579,5600000.0,425324.2463436474,0.0,0.0,377534.65525818325,628.1488508606108,1.1954657451940278,81249281777.3661,865243548.089595,1.0,1.5102974828374727,618.1084668192219,228368.67171682522,1.342601754253761,1.8164167822128827,1141843.3585841262,-12232.750161929056,-6339046.395729457
332,619.6187643020595,208.49305342751964,210.47101780917322,100.38488707591283,18.566938613073326,7.34824395582529,79.0,29297.403641428715,394995.9208039001,656.6530693463337,5600000.0,424995.9208039001,0.0,0.0,377221.10436772456,627.1036812257487,1.1953179888911734,81583792220.87935,868954480.618456,1.0,1.5102974828375864,619.6187643020595,229457.67163862608,1.3436389652575682,1.820855048053306,1147288.3581931305,-12136.407970665954,-6339045.911597842
333,621.1290617848971,209.54369515471103,210.82123171823702,101.85140782011746,18.588826982389815,7.475196497860914,79.0,29356.72112227639,394667.5952641528,655.5586508805094,5600000.0,424667.5952641528,0.0,0.0,376907.55347726593,626.0585115908865,1.195170250850595,81918657579.67796,872658647.4902105,1.0,1.5102974828375864,621.1290617848971,230549.12505850018,1.3446777800704086,1.825293313893729,1152745.6252925007,-12039.830299625173,-6339045.4262829125
334,622.6393592677346,210.59862302258486,211.17144562730078,103.31792856432197,18.6107153517063,7.60214903989653,79.0,29416.038603124067,394339.26972440555,654.4642324146851,5600000.0,424339.26972440555,0.0,0.0,376594.0025868073,625.0133419560242,1.1950219284778707,82253875607.03174,876373884.8222407,1.0,1.5102974828374727,622.6393592677346,231642.9142099751,1.3457182024150445,1.8297315797341518,1158214.5710498756,-11943.012836219743,-6339044.9397629965
335,624.149656750572,211.65802009750274,211.52165953636455,104.7844493085265,18.632603721022786,7.729101581932146,79.0,29475.356083971743,394010.94418465823,653.3698139488608,5600000.0,424010.94418465823,0.0,0.0,376280.4516963486,623.9681723211621,1.1948729962608502,82589444056.21054,880100912.4265051,1.0,1.5102974828374727,624.149656750572,232739.0314623223,1.3467602360257696,1.8341698455745745,1163695.1573116113,-11845.955375391059,-6339044.4520370625
336,625.6599542334095,212.71741717242062,211.8718734454283,106.25097005273105,18.654492090339268,7.856054123967762,79.0,29534.67356481942,393682.618644911,652.2753954830365,5600000.0,423682.618644911,0.0,0.0,375966.90080589,622.9230026862998,1.1947240826048322,82925360680.48419,883821117.9931868,1.0,1.5102974828374727,625.6599542334095,233837.59706861957,1.3478038846484521,1.8386081114149975,1169187.9853430977,-11748.662370118313,-6339043.963127488
337,627.1702517162471,213.7768142473386,212.2220873544921,107.71749079693566,18.676380459655757,7.983006666003386,79.0,29593.9910456671,393354.29310516367,651.1809770172122,5600000.0,423354.29310516367,0.0,0.0,375653.3499154313,621.8778330514376,1.1945751875075035,83261623233.12251,887534501.5222863,1.0,1.5102974828375864,627.1702517162471,234938.61006194976,1.3488491520405812,1.8430463772554206,1174693.0503097486,-11651.133798912168,-6339043.473034166
338,628.6805491990847,214.8362113222565,212.57230126355586,109.1840115411402,18.698268828972243,8.109959208039001,79.0,29653.308526514775,393025.96756541636,650.086558551388,5600000.0,423025.96756541636,0.0,0.0,375339.7990249726,620.8326634165754,1.1944263109665518,83598229467.39532,891241063.0138028,1.0,1.5102974828375864,628.6805491990847,236042.06947564104,1.349896041971311,1.8474846430958436,1180210.3473782053,-11553.36964023579,-6339042.981756986
339,630.1908466819222,215.9036712764899,212.92251517261963,110.65053228534472,18.720157198288728,8.236911750074619,79.0,29712.62600736245,392697.6420256691,648.9921400855636,5600000.0,422697.6420256691,0.0,0.0,375026.24813451397,619.7874937817132,1.194276320119616,83935177136.57242,894974225.1007322,1.0,1.5102974828374727,630.1908466819222,237147.74939096175,1.3509445582215056,1.8519229089362665,1185738.746954809,-11455.36179875955,-6339042.48925527
340,631.7011441647597,216.97182369913446,213.27272908168342,112.11705302954935,18.742045567605214,8.363864292110241,79.0,29771.94348821013,392369.3164859218,647.8977216197393,5600000.0,422369.3164859218,0.0,0.0,374712.6972440553,618.742324146851,1.1941262508261428,84272463993.92368,898703381.4523741,1.0,1.5102974828375864,631.7011441647597,238255.85228158828,1.3519947045837866,1.8563611747766895,1191279.2614079413,-11357.11763265729,-6339041.995565993
341,633.2114416475973,218.03997612177895,213.6229429907472,113.58357377375388,18.7639339369217,8.490816834145859,79.0,29831.260969057807,392040.9909461745,646.8033031539151,5600000.0,422040.9909461745,0.0,0.0,374399.1463535966,617.6971545119889,1.1939762003899408,84610087792.71887,902425659.3859571,1.0,1.5102974828375864,633.2114416475973,239366.39640364653,1.3530464848625763,1.8607994406171127,1196831.9820182326,-11258.637813608162,-6339041.500692531
342,634.7217391304348,219.10812854442347,213.97315689981096,115.05009451795841,18.785822306238185,8.617769376181474,79.0,29890.578449905483,391712.66540642723,645.7088846880907,5600000.0,421712.66540642723,0.0,0.0,374085.595463138,616.6519848771267,1.1938261688086407,84948046286.22783,906141058.9014819,1.0,1.5102974828374727,634.7217391304348,240479.38078390196,1.3540999028741445,1.8652377064575356,1202396.9039195096,-11159.922319856472,-6339041.004634773
343,636.2320366132724,220.17936523728983,214.32337080887473,116.51661526216294,18.80771067555467,8.74472191821709,79.0,29949.89593075316,391384.3398666799,644.6144662222664,5600000.0,421384.3398666799,0.0,0.0,373772.0445726793,615.6068152422644,1.1936757229482082,85286337227.7204,909862325.3407878,1.0,1.5102974828375864,636.2320366132724,241594.71678542506,1.3551549624466563,1.8696759722979586,1207973.5839271254,-11060.96804079879,-6339040.507377089
344,637.74233409611,221.25627300766098,214.67358471793852,117.98313600636757,18.82959904487116,8.871674460252715,79.0,30009.21341160084,391056.0143269326,643.5200477564421,5600000.0,421056.0143269326,0.0,0.0,373458.49368222064,614.5616456074022,1.193524499744337,85624958370.46638,913600110.2245286,1.0,1.5102974828375864,637.74233409611,242712.32835398952,1.3562116674202163,1.8741142381383817,1213561.6417699475,-10961.772363594733,-6339040.00890635
345,639.2526315789474,222.33318077803204,215.0237986270023,119.4496567505721,18.85148741418764,8.99862700228833,79.0,30068.530892448514,390727.68878718535,642.4256292906178,5600000.0,420727.68878718535,0.0,0.0,373144.942791762,613.51647597254,1.1933732956984808,85963907467.7356,917330960.3097347,1.0,1.5102974828374727,639.2526315789474,243832.3749540097,1.3572700216469153,1.8785525039788045,1219161.8747700485,-10862.340945568867,-6339039.509250983
346,640.7629290617849,223.41008854840314,215.37401253606606,120.91617749477663,18.873375783504127,9.125579544323946,79.0,30127.84837329619,390399.36324743804,641.3312108247935,5600000.0,420399.36324743804,0.0,0.0,372831.3919013033,612.4713063376778,1.1932221108082126,86303182272.79784,921054875.5964062,1.0,1.5102974828374727,640.7629290617849,244954.85560572223,1.3583300289908793,1.8829907698192274,1224774.2780286113,-10762.673764750361,-6339039.0084108785
347,642.2732265446225,224.4869963187743,215.72422644512986,122.38269823898126,18.895264152820616,9.25253208635957,79.0,30187.16585414387,390071.0377076908,640.2367923589692,5600000.0,420071.0377076908,0.0,0.0,372517.8410108447,611.4261367028156,1.1930709450711054,86642780538.92303,924771856.0845438,1.0,1.5102974828375864,642.2732265446225,246079.76932961674,1.3593916933283137,1.8874290356596506,1230398.8466480838,-10662.770799119957,-6339038.506385925
348,643.78352402746,225.57076509800024,216.07444035419363,123.84921898318579,18.9171525221371,9.379484628395186,79.0,30246.483334991546,389742.7121679435,639.142373893145,5600000.0,419742.7121679435,0.0,0.0,372204.290120386,610.3809670679534,1.1929188355870863,86982700019.38087,928510143.5381619,1.0,1.5102974828374727,643.78352402746,247206.91560649153,1.360455018547553,1.8918673015000733,1236034.5780324577,-10562.625154448673,-6339038.00314148
349,645.2938215102974,226.6564282160979,216.4246542632574,125.31573972739032,18.939040891453587,9.506437170430804,79.0,30305.80081583922,389414.3866281962,638.0479554273206,5600000.0,419414.3866281962,0.0,0.0,371890.73922992736,609.3357974330912,1.1927664796721071,87322938467.44125,932249243.5221301,1.0,1.5102974828374727,645.2938215102974,248336.435828479,1.361520008549106,1.896305567340496,1241682.179142395,-10462.241782857105,-6339037.498702426
350,646.804118993135,227.74209133419558,216.77486817232116,126.78226047159485,18.960929260770072,9.63338971246642,79.0,30365.118296686895,389086.0610884489,636.9535369614964,5600000.0,419086.0610884489,0.0,0.0,371577.1883394687,608.290627798229,1.192614143215556,87663493636.37402,935981352.3270878,1.0,1.5102974828375864,646.804118993135,249468.38385150043,1.3625866672457054,1.9007438331809192,1247341.919257502,-10361.622559518553,-6339036.993078189
351,648.3144164759726,228.82775445229333,217.12508208138496,128.24878121579948,18.982817630086558,9.760342254502044,79.0,30424.435777534574,388757.7355487016,635.8591184956721,5600000.0,418757.7355487016,0.0,0.0,371263.63744901004,607.2454581633668,1.192461826214947,88004363279.44894,939706469.9530355,1.0,1.5102974828375864,648.3144164759726,250602.7586895539,1.3636549985623552,1.9051820990213424,1253013.7934477695,-10260.767462202348,-6339036.4862686545
352,649.8247139588101,229.91529997015226,217.47529599044873,129.715301960004,19.004705999403043,9.88729479653766,79.0,30483.75325838225,388429.41000895435,634.7647000298477,5600000.0,418429.41000895435,0.0,0.0,370950.0865585514,606.2002885285045,1.1923092646203928,88345545149.93584,943432320.6217854,1.0,1.5102974828374727,649.8247139588101,251739.50360696096,1.3647250064363772,1.9096203648617651,1258697.5180348048,-10159.674582920969,-6339035.978264236
353,651.3350114416476,231.00971843597654,217.8255098995125,131.18182270420854,19.026594368719532,10.014247338573275,79.0,30543.070739229926,388101.08446920704,633.6702815640235,5600000.0,418101.08446920704,0.0,0.0,370636.5356680927,605.1551188936425,1.1921557585881042,88687037001.10455,947179348.2516546,1.0,1.5102974828374727,651.3350114416476,252878.46839050695,1.3657966948174627,1.9140586307021878,1264392.3419525349,-10058.338899714872,-6339035.469039697
354,652.8453089244852,232.10413690180087,218.1757238085763,132.64834344841316,19.048482738036018,10.1411998806089,79.0,30602.388220077606,387772.7589294597,632.5758630981991,5600000.0,417772.7589294597,0.0,0.0,370322.98477763403,604.1099492587801,1.1920022723192298,89028836586.22491,950919328.3220379,1.0,1.5102974828375864,652.8453089244852,254019.85468046306,1.3668700676677177,1.918496896542611,1270099.2734023153,-9956.767274946906,-6339034.9586295225
355,654.3556064073226,233.19855536762515,218.52593771764003,134.1148641926177,19.070371107352504,10.268152422644516,79.0,30661.705700925282,387444.4333897125,631.4814446323749,5600000.0,417444.4333897125,0.0,0.0,370009.4338871754,603.064779623918,1.1918488058112253,89370941658.56674,954652260.8329349,1.0,1.5102974828374727,654.3556064073226,255163.66148437053,1.3679451289617137,1.9229351623830337,1275818.3074218526,-9854.959686166607,-6339034.447033599
356,655.8659038901602,234.29297383344942,218.8761516267038,135.58138493682222,19.09225947666899,10.395104964680131,79.0,30721.02318177296,387116.10784996516,630.3870261665506,5600000.0,417116.10784996516,0.0,0.0,369695.8829967167,602.0196099890559,1.1916953590615464,89713349971.39986,958378145.7843454,1.0,1.5102974828375864,655.8659038901602,256309.8878100314,1.3690218826865366,1.927373428223457,1281549.4390501569,-9752.91611087136,-6339033.934251813
357,657.3762013729977,235.39305143766788,219.22636553576757,137.04790568102675,19.114147845985475,10.522057506715749,79.0,30780.340662620634,386787.7823102179,629.2926077007263,5600000.0,416787.7823102179,0.0,0.0,369382.3321062581,600.9744403541936,1.1915411387619492,90056059277.99406,962120113.7268199,1.0,1.5102974828374727,657.3762013729977,257458.36125456876,1.3701003328418346,1.9318116940638799,1287291.8062728439,-9650.630856561475,-6339033.42025556
358,658.8864988558353,236.49622525121882,219.57657944483137,138.51442642523136,19.13603621530196,10.649010048751371,79.0,30839.658143468314,386459.4567704706,628.198189234902,5600000.0,416459.4567704706,0.0,0.0,369068.7812157994,599.9292707193314,1.1913865044459562,90399067331.6192,965867642.8097674,1.0,1.5102974828375864,658.8864988558353,258609.1565036806,1.3711804834398704,1.9362499599043028,1293045.7825184031,-9548.106467989273,-6339032.905057628
359,660.3967963386727,237.5993990647697,219.92679335389514,139.98094716943592,19.157924584618446,10.775962590786989,79.0,30898.97562431599,386131.1312307233,627.1037707690776,5600000.0,416131.1312307233,0.0,0.0,368755.2303253407,598.8841010844691,1.1912318901978993,90742371885.54507,969608067.9527527,1.0,1.5102974828374727,660.3967963386727,259762.36592192223,1.372262338505568,1.9406882257447258,1298811.8296096113,-9445.346024507657,-6339032.38867349
360,661.9070938215102,238.70257287832055,220.2770072629589,141.44746791364045,19.17981295393493,10.902915132822605,79.0,30958.293105163666,385802.80569097603,626.0093523032534,5600000.0,415802.80569097603,0.0,0.0,368441.67943488207,597.838931449607,1.1910772960151745,91085970693.04153,973341389.1557758,1.0,1.5102974828374727,661.9070938215102,260917.98851067698,1.373345902076564,1.9451264915851485,1304589.942553385,-9342.349503397942,-6339031.8711030325
361,663.3884688090737,240.41379962192858,220.7275992438564,142.39848771266517,19.191493383742905,11.023062381852553,78.94896030245744,30922.96597353492,385474.4801512287,622.0226843100171,5600000.0,415474.4801512287,0.0,0.0,368128.12854442344,594.0316635160663,1.1908375315245794,91421889687.13513,979545065.0666909,1.0,1.4813749875635267,663.3884688090737,262034.42724740462,1.3744311782032588,1.9494797637576,1310172.1362370232,-9240.46556443628,-6339031.3591234395
362,664.526664013531,249.33987662919137,222.36922694259283,137.2328325539746,19.082051537160478,11.062461446622228,78.29230922296287,29764.633469306504,385146.1546114814,583.7180380061675,5600000.0,415146.1546114814,0.0,0.0,367814.57765396475,557.4507262958899,1.189587657607191,91663375713.9238,1015110769.6092943,1.0,1.1381952044572472,664.526664013531,262658.3895638927,1.375518170948865,1.952824543811252,1313291.9478194634,-9154.403054924682,-6339030.926648517
363,665.6648592179882,258.2659536364542,224.01085464132922,132.067177395284,18.97260969057805,11.101860511391902,77.6356581434683,28606.30096507809,384817.82907173416,545.4133917023178,5600000.0,414817.82907173416,0.0,0.0,367501.0267635061,520.8697890757135,1.1883390955268653,91904902892.4003,1050618994.2567282,1.0,1.1381952044572472,665.6648592179882,263282.29290924,1.3766068843894606,1.956169323864904,1316411.4645462001,-9068.206036075018,-6339030.493497669
364,666.8030544224455,267.192030643717,225.65248234006566,126.90152223659342,18.863167843995623,11.141259576161575,76.97900706397374,27447.968460849675,384489.50353198685,507.10874539846816,5600000.0,414489.50353198685,0.0,0.0,367187.4758730474,484.2888518555371,1.1870918439067304,92146469946.53893,1086069739.0089924,1.0,1.1381952044572472,666.8030544224455,263906.1351040738,1.377697322614037,1.959514103918556,1319530.6755203689,-8981.874497048557,-6339030.059670839
365,667.9412496269028,276.11810765098033,227.29411003880216,121.7358670779025,18.753725997413188,11.180658640931252,76.32235598447913,26289.635956621187,384161.1779922396,468.804099094616,5600000.0,414161.1779922396,0.0,0.0,366873.9249825888,447.70791463535824,1.1858459013713587,92388075600.314,1121463003.8660893,1.0,1.1381952044573609,667.9412496269028,264529.9139753568,1.3787894897245527,1.9628588839722085,1322649.569876784,-8895.408426984213,-6339029.625167975
366,669.2020196995325,281.14853248432996,228.22257486817233,120.0134513978709,18.711143169833846,11.283573773753858,76.0,25750.41796836136,383799.4229429907,449.4428415083076,5600000.0,413799.4229429907,0.0,0.0,366528.44891055615,429.2179136404337,1.1851443079783808,92656175689.75145,1140896839.950534,1.0,1.2607700726296116,669.2020196995325,265372.38364607975,1.3799948661269936,1.9665638711085616,1326861.9182303988,-8804.340987029485,-6339029.1675426485
367,670.580986966471,282.4224355785494,228.46334693065367,121.61130235797434,18.733031539150332,11.4477365436275,76.0,25808.20326335688,383405.432295294,448.3484230424833,5600000.0,413405.432295294,0.0,0.0,366152.18784200575,428.17274400557153,1.1849667025816546,92949841772.90518,1144975117.4326694,1.0,1.3789672669385027,670.580986966471,266427.23802538624,1.3813100522098296,1.9706162007889474,1332136.190126931,-8708.784624692984,-6339028.6873599235
368,671.9599542334097,283.69633867276895,228.704118993135,123.20915331807788,18.75491990846682,11.611899313501151,76.0,25865.988558352405,383011.44164759724,447.254004576659,5600000.0,413011.44164759724,0.0,0.0,365775.92677345534,427.12757437070934,1.1847891238008237,93243565313.88017,1149043550.8837147,1.0,1.37896726693873,671.9599542334097,267484.0232212237,1.3826277475258943,1.9746685304693339,1337420.1161061183,-8613.031309556216,-6339028.206187485
369,673.3389215003482,284.9702417669884,228.94489105561635,124.80700427818132,18.776808277783307,11.776062083374793,76.0,25923.773853347928,382617.4509999005,446.1595861108347,5600000.0,412617.4509999005,0.0,0.0,365399.665704905,426.08240473584715,1.1846115716319,93537344065.09668,1153102140.3036695,1.0,1.3789672669385027,673.3389215003482,268542.73829357413,1.3839479592630641,1.9787208601497197,1342713.6914678707,-8517.081023963168,-6339027.724025246
370,674.7178887672868,286.2441448612079,229.1856631180977,126.40485523828477,18.798696647099792,11.940224853248434,76.0,25981.559148343447,382223.46035220375,445.06516764501043,5600000.0,412223.46035220375,0.0,0.0,365023.4046363546,425.03723510098496,1.1844340460708944,93831175778.97522,1157150885.6925335,1.0,1.3789672669386164,674.7178887672868,269603.38230270933,1.3852706946366957,1.982773189830106,1348016.9115135465,-8420.933750220574,-6339027.240873117
371,676.0968560342254,287.52628196199385,229.42643518057903,128.0027061983882,18.820585016416278,12.104387623122076,76.0,26039.34444333897,381829.46970450704,443.97074917918616,5600000.0,411829.46970450704,0.0,0.0,364647.1435678042,423.99206546612277,1.1842553999171779,94125058207.93616,1161223041.464768,1.0,1.3789672669386164,676.0968560342254,270665.69211340527,1.3865959608897565,1.9868255195104922,1353328.4605670264,-8324.581217573024,-6339026.756689535
372,677.4758233011642,288.80894040393997,229.6672072430604,129.60055715849177,18.842473385732763,12.268550392995728,76.0,26097.129738334497,381435.47905681026,442.8763307133618,5600000.0,411435.47905681026,0.0,0.0,364270.8824992538,422.9468958312605,1.1840767080838899,94418989104.39989,1165287393.087245,1.0,1.37896726693873,677.4758233011642,271729.91025382484,1.3879237652929572,1.9908778491908787,1358649.5512691243,-8228.031138224527,-6339026.271513257
373,678.8547905681027,290.09159884588604,229.90797930554174,131.1984081185952,18.86436175504925,12.43271316286937,76.0,26154.915033330017,381041.4884091135,441.78191224753755,5600000.0,411041.4884091135,0.0,0.0,363894.6214307034,421.90172619639833,1.1838980432133426,94712966220.78676,1169341833.0220606,1.0,1.3789672669385027,678.8547905681027,272796.05231507996,1.3892541151448856,1.9949301788712646,1363980.2615754,-8131.284016900696,-6339025.785346818
374,680.2337578350413,291.37425728783205,230.14875136802308,132.79625907869865,18.886250124365734,12.59687593274301,76.0,26212.70032832554,380647.4977614168,440.6874937817133,5600000.0,410647.4977614168,0.0,0.0,363518.360362153,420.85655656153614,1.1837194053014677,95006987309.51724,1173386361.2692146,1.0,1.3789672669386164,680.2337578350413,273864.1173526527,1.3905870177721391,1.9989825085516508,1369320.5867632634,-8034.339835755527,-6339025.298190129
375,681.6127251019799,292.66017112725103,230.38952343050443,134.3941100388021,18.90813849368222,12.761038702616652,76.0,26270.485623321063,380253.50711372006,439.593075315889,5600000.0,410253.50711372006,0.0,0.0,363142.09929360263,419.81138692667395,1.1835403410624359,95301050123.01169,1177434074.9846938,1.0,1.3789672669386164,681.6127251019799,274933.9991258918,1.39192248052946,2.003034838232037,1374669.995629459,-7937.195313601755,-6339024.810026702
376,682.9916923689186,293.9515849169237,230.6302954929858,135.99196099890565,18.930026862998705,12.925201472490304,76.0,26328.270918316586,379859.5164660233,438.49865685006466,5600000.0,409859.5164660233,0.0,0.0,362765.8382250522,418.76621729181176,1.183360538213706,95595152413.69055,1181493958.0751698,1.0,1.37896726693873,682.9916923689186,276005.62257595855,1.3932605107998708,2.0070871679124234,1380028.112879793,-7839.848182151094,-6339024.320845136
377,684.3706596358571,295.2429987065964,230.87106755546714,137.58981195900907,18.95191523231519,13.089364242363946,76.0,26386.05621331211,379465.5258183265,437.40423838424033,5600000.0,409465.5258183265,0.0,0.0,362389.5771565018,417.7210476569495,1.183180762680534,95889291933.97409,1185543861.8214133,1.0,1.3789672669385027,684.3706596358571,277079.16395792936,1.3946011159948097,2.011139497592809,1385395.8197896467,-7742.303936597891,-6339023.830673048
378,685.7496269027957,296.534412496269,231.11183961794848,139.1876629191125,18.973803601631676,13.253527012237587,76.0,26443.841508307632,379071.5351706298,436.3098199184161,5600000.0,409071.5351706298,0.0,0.0,362013.3160879514,416.6758780220874,1.1830010144587697,96183466436.28287,1189583786.223424,1.0,1.3789672669386164,685.7496269027957,278154.622322529,1.3959443035542671,2.0151918272731955,1390773.1116126447,-7644.562558948062,-6339023.339510347
379,687.1285941697344,297.82582628594173,231.35261168042982,140.78551387921607,18.995691970948165,13.417689782111239,76.0,26501.626803303156,378677.544522933,435.2154014525917,5600000.0,408677.544522933,0.0,0.0,361637.055019401,415.63070838722507,1.1828212935442641,96477673673.03717,1193613731.2812028,1.0,1.3789672669386164,687.1285941697344,279231.99672077794,1.3972900809469253,2.0192441569535817,1396159.9836038898,-7546.624031173997,-6339022.847356941
380,688.507561436673,299.12427221172027,231.59338374291116,142.3833648393195,19.01758034026465,13.58185255198488,76.0,26559.41209829868,378283.5538752363,434.12098298676744,5600000.0,408283.5538752363,0.0,0.0,361260.79395085067,414.5855387523629,1.1826406215218979,96771911396.65746,1197661852.9217029,1.0,1.3789672669386164,688.507561436673,280311.0542997224,1.3986384556702938,2.023296486633968,1401555.2714986121,-7448.481284910813,-6339022.354177311
381,689.8865287036116,300.4244413491195,231.8341558053925,143.98121579942296,19.039468709581136,13.746015321858522,76.0,26617.1973932942,377889.56322753953,433.02656452094317,5600000.0,407889.56322753953,0.0,0.0,360884.53288230026,413.5403691175007,1.1824597373755745,97066177359.56409,1201706833.775941,1.0,1.3789672669386164,689.8865287036116,281391.967179639,1.399989435250852,2.0273488163143543,1406959.835898195,-7350.139624205418,-6339021.859998112
382,691.2654959705502,301.7246104865187,232.07492786787384,145.5790667595264,19.061357078897622,13.910178091732163,76.0,26674.98268828972,377495.5725798428,431.9321460551189,5600000.0,407495.5725798428,0.0,0.0,360508.27181374986,412.4951994826385,1.1822788808953688,97360469314.17747,1205741767.6293752,1.0,1.3789672669386164,691.2654959705502,282474.79101545346,1.4013430272441858,2.03140114599474,1412373.9550772675,-7251.600758522749,-6339021.364827932
383,692.6444632374889,303.02477962391805,232.3156999303552,147.17691771962996,19.08324544821411,14.074340861605815,76.0,26732.76798328525,377101.58193214604,430.83772758929456,5600000.0,407101.58193214604,0.0,0.0,360132.01074519946,411.4500298477763,1.182098052077049,97654785012.91805,1209766654.4820068,1.0,1.37896726693873,692.6444632374889,283559.5248534653,1.4026992392351312,2.035453475675127,1417797.6242673267,-7152.864669681527,-6339020.868666681
384,694.0234305044274,304.32700228832954,232.55647199283655,148.7747686797334,19.105133817530596,14.238503631479457,76.0,26790.553278280768,376707.5912844493,429.7433091234703,5600000.0,406707.5912844493,0.0,0.0,359755.7496766491,410.4048602129141,1.18191696537536,97949122208.20609,1213789684.7010577,1.0,1.3789672669385027,694.0234305044274,284646.0989722118,1.4040580788379147,2.0395058053555126,1423230.4948610591,-7053.929280383512,-6339020.371503921
385,695.402397771366,305.63592677345537,232.7972440553179,150.37261963983684,19.127022186847082,14.402666401353098,76.0,26848.33857327629,376313.60063675256,428.648890657646,5600000.0,406313.60063675256,0.0,0.0,359379.48860809865,409.3596905780519,1.1817349746757992,98243478652.46211,1217829355.959857,1.0,1.3789672669386164,695.402397771366,285734.35537350376,1.4054195536962957,2.043558135035899,1428671.7768675187,-6954.78991117049,-6339019.873316136
386,696.7813650383048,306.9448512585813,233.03801611779923,151.97047059994037,19.148910556163568,14.56682917122675,76.0,26906.123868271818,375919.6099890558,427.5544721918217,5600000.0,405919.6099890558,0.0,0.0,359003.22753954824,408.3145209431897,1.1815530119990316,98537852098.10649,1221858912.5612824,1.0,1.37896726693873,696.7813650383048,286824.5166711012,1.4067836714837105,2.047610464716285,1434122.5833555062,-6855.453263494186,-6339019.374137002
387,698.1603323052433,308.25377574370714,233.27878818028057,153.5683215600438,19.170798925480053,14.730991941100392,76.0,26963.909163267337,375525.61934135907,426.4600537259974,5600000.0,405525.61934135907,0.0,0.0,358626.9664709979,407.2693513083275,1.1813710773407422,98832240297.55959,1225878354.505333,1.0,1.3789672669385027,698.1603323052433,287916.5819066147,1.4081504399034153,2.051662794396671,1439582.9095330737,-6755.919319020584,-6339018.8739664275
388,699.5392995721819,309.56270022883297,233.5195602427619,155.16617252014726,19.19268729479654,14.895154710974033,76.0,27021.69445826286,375131.6286936623,425.3656352601731,5600000.0,405131.6286936623,0.0,0.0,358250.7054024475,406.2241816734653,1.1811891706966169,99126641003.2418,1229887681.7920086,1.0,1.3789672669386164,699.5392995721819,289010.5501219587,1.4095198666886333,2.0557151240770573,1445052.7506097935,-6656.188059382141,-6339018.372804319
389,700.9182668391205,310.877454979604,233.76033230524325,156.7640234802507,19.214575664113024,15.059317480847675,76.0,27079.479753258383,374737.6380459656,424.27121679434885,5600000.0,404737.6380459656,0.0,0.0,357874.4443338971,405.1790120386031,1.1810064819936503,99421051967.57356,1233910035.4473758,1.0,1.3789672669386164,700.9182668391205,290106.2213714778,1.4108919596026976,2.0597674537574435,1450531.106857389,-6556.253619233146,-6339017.8706212025
390,702.2972341060591,312.1951348124565,234.0011043677246,158.36187444035426,19.23646403342951,15.223480250721327,76.0,27137.265048253907,374343.6473982688,423.17679832852446,5600000.0,404343.6473982688,0.0,0.0,357498.1832653467,404.13384240374086,1.1808234151925963,99715470942.97525,1237933828.0933583,1.0,1.3789672669386164,702.2972341060591,291203.69196859124,1.412266726439201,2.06381978343783,1456018.459842956,-6456.118893167935,-6339017.367431624
391,703.6762013729978,313.51281464530894,234.24187643020593,159.9597254004577,19.258352402745995,15.387643020594968,76.0,27195.05034324943,373949.6567505721,422.08237986270024,5600000.0,403949.6567505721,0.0,0.0,357121.92219679634,403.0886727688787,1.1806403767685698,100009895681.86726,1241947438.4253953,1.0,1.3789672669386164,703.6762013729978,292303.0604066924,1.4136441750221416,2.067872113118216,1461515.3020334619,-6355.786796061322,-6339016.863250231
392,705.0551686399363,314.83049447816137,234.48264849268728,161.55757636056114,19.28024077206248,15.55180579046861,76.0,27252.83563824495,373555.6661028753,420.9879613968759,5600000.0,403555.6661028753,0.0,0.0,356745.66112824593,402.0435031340165,1.1804573667171727,100304323936.66997,1245950866.4434862,1.0,1.3789672669385027,705.0551686399363,293404.32572304324,1.4150243132060711,2.071924442798602,1467021.6286152161,-6255.257309393026,-6339016.358076932
393,706.434135906875,316.1490259675655,234.72342055516864,163.1554273206647,19.30212914137897,15.715968560342262,76.0,27310.620933240476,373161.67545517854,419.89354293105157,5600000.0,403161.67545517854,0.0,0.0,356369.4000596955,400.9983334991542,1.1802742667765518,100598753459.80382,1249947479.3127103,1.0,1.37896726693873,706.434135906875,294507.45744706906,1.4164071488762457,2.075976772478988,1472537.2872353452,-6154.529560409486,-6339015.851907339
394,707.8131031738136,317.47546114814446,234.96419261764999,164.75327828076814,19.324017510695455,15.880131330215903,76.0,27368.406228236,372767.6848074818,418.7991244652273,5600000.0,402767.6848074818,0.0,0.0,355993.1389911451,399.95316386429204,1.1800900979338471,100893182003.6892,1253965121.299817,1.0,1.3789672669386164,707.8131031738136,295612.20902938565,1.4177926899487743,2.0800291021593744,1478061.0451469284,-6053.596457129344,-6339015.3447058145
395,709.1920704407522,318.8018963287235,235.20496468013133,166.3511292408716,19.34590588001194,16.044294100089544,76.0,27426.19152323152,372373.6941597851,417.704705999403,5600000.0,402373.6941597851,0.0,0.0,355616.8779225948,398.90799422942985,1.1799059578286684,101187607320.74648,1257972513.316407,1.0,1.3789672669386164,709.1920704407522,296718.8523232965,1.4191809443707712,2.0840814318397607,1483594.2616164824,-5952.46590795368,-6339014.8365121
396,710.5710377076907,320.12833150930254,235.44573674261267,167.94898020097503,19.367794249328423,16.208456869963186,76.0,27483.97681822704,371979.70351208834,416.61028753357874,5600000.0,401979.70351208834,0.0,0.0,355240.6168540444,397.86282459456766,1.1797218464565316,101482027163.39601,1261969655.3624802,1.0,1.3789672669385027,710.5710377076907,297827.38636144396,1.4205719201205078,2.0881337615201465,1489136.9318072197,-5851.137894214131,-6339014.327326101
397,711.9500049746295,321.45476668988164,235.68650880509404,169.5468311610786,19.389682618644912,16.372619639836838,76.0,27541.76211322257,371585.71286439156,415.5158690677544,5600000.0,401585.71286439156,0.0,0.0,354864.3557854939,396.81765495970546,1.1795377638129534,101776439284.0583,1265956547.438037,1.0,1.37896726693873,711.9500049746295,298937.8101767815,1.4219656252075636,2.0921860912005332,1494689.0508839074,-5749.612397201359,-6339013.817147724
398,713.3289722415681,322.78583026564525,235.92728086757538,171.14468212118203,19.411570987961397,16.53678240971048,76.0,27599.547408218088,371191.72221669485,414.42145060193013,5600000.0,401191.72221669485,0.0,0.0,354488.09471694357,395.7724853248433,1.1793530677153865,102070841435.1537,1269951399.2548726,1.0,1.3789672669386164,713.3289722415681,300049.9594201996,1.4233620676729828,2.0962384208809195,1500249.797100998,-5647.884755229577,-6339013.305953544
399,714.7079395085067,324.12102079395083,236.16805293005672,172.74253308128544,19.433459357277883,16.70094517958412,76.0,27657.33270321361,370797.73156899813,413.32703213610586,5600000.0,400797.73156899813,0.0,0.0,354111.8336483932,394.7273156899811,1.1791678280239555,102365231369.10257,1273952186.2525823,1.0,1.3789672669386164,714.7079395085067,301163.84907207143,1.4247612555894267,2.1002907505613053,1505819.2453603572,-5545.955452113412,-6339012.793745991
400,716.0869067754452,325.4562113222565,236.40882499253806,174.3403840413889,19.45534772659437,16.865107949457762,76.0,27715.117998209134,370403.74092130136,412.2326136702816,5600000.0,400403.74092130136,0.0,0.0,353735.57257984276,393.6821460551189,1.1789826174279194,102659606838.3253,1277942655.6232045,1.0,1.3789672669385027,716.0869067754452,302279.6233019184,1.4261631970613302,2.104343080241691,1511398.1165095922,-5443.828608820215,-6339012.280545773
401,717.4658740423839,326.7914018505622,236.64959705501943,175.93823500149244,19.477236095910854,17.029270719331414,76.0,27772.903293204658,370009.7502736046,411.13819520445725,5600000.0,400009.7502736046,0.0,0.0,353359.31151129236,392.63697642025664,1.1787974359227085,102953965595.24239,1281922807.366739,1.0,1.37896726693873,717.4658740423839,303397.2811381112,1.4275679002250585,2.108395409922078,1516986.4056905562,-5341.504206489772,-6339011.766352796
402,718.8448413093224,328.1265923788678,236.89036911750077,177.5360859615959,19.49912446522734,17.193433489205056,76.0,27830.68858820018,369615.7596259079,410.04377673863297,5600000.0,399615.7596259079,0.0,0.0,352983.050442742,391.59180678539445,1.1786122835037531,103248305392.2741,1285892641.4831858,1.0,1.3789672669385027,718.8448413093224,304516.8216093339,1.4289753732490635,2.1124477396024637,1522584.1080466695,-5238.98222622741,-6339011.251166966
403,720.223808576261,329.47018804099093,237.1311411799821,179.13393692169933,19.521012834543825,17.357596259078697,76.0,27888.4738831957,369221.7689782111,408.9493582728087,5600000.0,399221.7689782111,0.0,0.0,352606.7893741916,390.54663715053226,1.178425994892005,103542623981.84093,1289885064.3081346,1.0,1.3789672669386164,720.223808576261,305637.941517636,1.4303856243340434,2.11650006928285,1528189.70758818,-5136.254216215573,-6339010.73494581
404,721.6027758431998,330.81413391702324,237.37191324246345,180.73178788180286,19.542901203860314,17.52175902895235,76.0,27946.259178191227,368827.7783305144,407.85493980698436,5600000.0,398827.7783305144,0.0,0.0,352230.5283056412,389.5014675156701,1.178239687179181,103836919116.36327,1293868474.299873,1.0,1.37896726693873,721.6027758431998,306760.92725899565,1.4317986617131007,2.120552398963236,1533804.6362949782,-5033.328238447197,-6339010.217729841
405,722.9817431101384,332.15807979305544,237.6126853049448,182.32963884190633,19.5647895731768,17.68592179882599,76.0,28004.04447318675,368433.7876828176,406.76052134116003,5600000.0,398433.7876828176,0.0,0.0,351854.2672370908,388.4562978808078,1.1780534089213792,104131188548.26144,1297841499.007952,1.0,1.3789672669386164,722.9817431101384,307885.79040382546,1.433214493651904,2.1246047286436225,1539428.9520191273,-4930.204625269398,-6339009.69952073
406,724.360710377077,333.50202566908763,237.85345736742613,183.92748980200977,19.586677942493285,17.850084568699632,76.0,28061.82976818227,368039.7970351209,405.6661028753358,5600000.0,398039.7970351209,0.0,0.0,351478.00616854045,387.4111282459457,1.1778671601139428,104425430029.9559,1301804138.432372,1.0,1.3789672669386164,724.360710377077,309012.52997626417,1.4346331284488474,2.1286570583240088,1545062.6498813208,-4826.883357635699,-6339009.18031838
407,725.6197492786788,338.4044174708983,238.78810068649884,182.89548303651384,19.548602129141383,18.082777833051434,75.7430106457069,27220.751964978637,367645.8063874241,390.0089543329027,5600000.0,397645.8063874241,32723.31111332102,0.0,351101.74509999005,372.45855138792206,1.1771880187679593,104685034365.6352,1319632813.1069396,1.0,1.259038901601798,725.6197492786788,309908.88428852597,1.4360545744352138,2.1323569581200705,1549544.4214426298,-4728.687351629138,-6339008.686871113
408,726.6922793751867,348.84079196099924,240.80183066361562,177.7736046164559,19.41727191324246,18.42204755745698,75.0863595662123,24981.79066759519,367251.8157397274,351.70430802905054,5600000.0,397251.8157397274,116336.88190230115,0.0,350725.48403143964,335.8776141677433,1.1757435439530624,104890700915.39133,1358982393.7965665,1.0,1.072530096507876,726.6922793751867,310444.30644662696,1.437478839975337,2.135508770093704,1552221.5322331348,-4638.625721087679,-6339008.234300106
409,727.7648094716944,359.27716645109956,242.8155606407323,172.6517261963983,19.285941697343546,18.761317281862507,74.42970848671773,22742.829370211883,366857.82509203063,313.3996617252009,5600000.0,396857.82509203063,199950.45269127583,0.0,350349.22296288924,299.2966769475668,1.174300841588664,105096210280.07506,1398251327.8534782,1.0,1.0725300965077622,727.7648094716944,310979.2988233298,1.438905933466768,2.1386605820673377,1554896.494116649,-4548.444018455222,-6339007.781125721
410,728.8373395682022,369.7135409411999,244.82929061784895,167.52984777634066,19.154611481444633,19.100587006268032,73.77305740722316,20503.86807282858,366463.8344443339,275.0950154213512,5600000.0,396463.8344443339,283564.02348025056,0.0,349972.9618943389,262.71573972739037,1.1728599094998695,105301561100.03955,1437439615.2776773,1.0,1.0725300965077622,728.8373395682022,311513.8600096653,1.4403358633404368,2.1418123940409712,1557569.3000483266,-4458.14223363623,-6339007.327347907
411,729.9098696647101,380.1499154313008,246.84302059496576,162.40796935628273,19.023281265545712,19.43985673067358,73.11640632772855,18264.90677544513,366069.84379663714,236.79036911749904,5600000.0,396069.84379663714,367177.59426923067,0.0,349596.70082578843,226.13480250721156,1.1714207455144527,105506752015.63785,1476547256.0691662,1.0,1.072530096507876,729.9098696647101,312047.988602803,1.441768638060821,2.1449642060146052,1560239.943014015,-4367.720356517471,-6339006.8729666155
412,731.1264650283555,383.28218087752464,247.3080489503532,162.88662819619944,19.0180081583922,19.658471793851362,73.0,17899.874440354193,365729.877624117,229.09959208038998,5600000.0,395729.877624117,383350.61187941505,0.0,349272.0331310317,218.79011043677244,1.1709891543669666,105767893351.91661,1487435510.0348938,1.0,1.2165953636454105,731.1264650283555,312973.7303104969,1.4430072419501303,2.148539378260764,1564868.6515524846,-4273.744287386537,-6339006.400725062
413,732.3741020793951,384.84063277285844,247.4393791662521,164.5720326335688,19.039896527708688,19.851089443836436,73.0,17938.616854044372,365401.5520843697,228.0051736145657,5600000.0,395401.5520843697,384992.23957815144,0.0,348958.48224057304,217.74494080191025,1.1707744763694066,106041126128.07115,1492244426.1147864,1.0,1.2476370510396464,732.3741020793951,313985.2215090037,1.4442054571040037,2.1522057717811136,1569926.1075450187,-4178.870067338459,-6339005.923970188
414,733.6217391304348,386.3990846681922,247.57070938215102,166.25743707093818,19.061784897025174,20.043707093821507,73.0,17977.359267734555,365073.22654462245,226.91075514874143,5600000.0,395073.22654462245,386633.8672768879,0.0,348644.9313501144,216.69977116704806,1.1705598377288657,106314374379.14427,1497043306.4699705,1.0,1.2476370510396464,733.6217391304348,314998.15340547,1.445405663810889,2.1558721653014628,1574990.7670273501,-4083.8339190948755,-6339005.4464016035
415,734.8693761814745,387.9575365635261,247.70203959804996,167.94284150830768,19.08367326634166,20.23632474380659,73.0,18016.101681424734,364744.90100487514,225.8163366829171,5600000.0,394744.90100487514,388275.4949756244,0.0,348331.3804596557,215.6546015321858,1.1703452384381285,106587636571.9231,1501832151.1004467,1.0,1.24763705103976,734.8693761814745,316012.5251036069,1.4466078670401554,2.1595385588218123,1580062.6255180347,-3988.635828276165,-6339004.968019238
416,736.1170132325142,389.5182131131231,247.83336981394888,169.62824594567707,19.105561635658145,20.428942393791665,73.0,18054.844095114913,364416.5754651278,224.72191821709282,5600000.0,394416.5754651278,389905.9994030445,0.0,348017.8295691971,214.60943189732365,1.1701303722387038,106860911173.19481,1506619564.7582514,1.0,1.2476370510396464,736.1170132325142,317028.25273354404,1.447812071777719,2.1632049523421615,1585141.2636677204,-3893.273547653109,-6339004.488811797
417,737.3646502835538,391.0854203561835,247.9647000298478,171.31365038304645,19.12745000497463,20.62156004377674,73.0,18093.586508805092,364088.2499253806,223.62749975126854,5600000.0,394088.2499253806,391503.85036314797,0.0,347704.27867873845,213.56426226246145,1.1699146466215122,107134196649.74652,1511422167.44215,1.0,1.2476370510396464,737.3646502835538,318045.17348157463,1.4490182830261105,2.1668713458625106,1590225.867407873,-3797.742740615271,-6339004.008757491
418,738.6122873345936,392.65262759924394,248.0960302457467,172.99905482041595,19.149338374291116,20.814177693761824,73.0,18132.328922495275,363759.92438563326,222.53308128544418,5600000.0,393759.92438563326,393101.7013232515,0.0,347390.72778827976,212.51909262759918,1.169698960775566,107407491468.36545,1516214678.0208647,1.0,1.24763705103976,738.6122873345936,319063.5292458458,1.4502265058045474,2.17053773938286,1595317.6462292292,-3702.0499472049996,-6339003.527889182
419,739.8599243856333,394.2198348423043,248.22736046164562,174.68445925778533,19.1712267436076,21.006795343746898,73.0,18171.071336185454,363431.59884588595,221.4386628196199,5600000.0,393431.59884588595,394699.5522833549,0.0,347077.1768978211,211.47392299273702,1.1694833146935324,107680794095.83875,1520997096.4943945,1.0,1.24763705103976,739.8599243856333,320083.31912699924,1.451436745149,2.17420413290321,1600416.595634996,-3606.195152943954,-6339003.046206798
420,741.107561436673,395.78704208536465,248.35869067754453,176.36986369515472,19.193115112924087,21.199412993731972,73.0,18209.813749875633,363103.2733061387,220.34424435379563,5600000.0,393103.2733061387,396297.40324345836,0.0,346763.62600736244,210.42875335787483,1.169267708368081,107954102998.9535,1525769422.8627408,1.0,1.2476370510396464,741.107561436673,321104.5422260211,1.452649006112263,2.1778705264235594,1605522.7111301057,-3510.17834333051,-6339002.563710268
421,742.3551984877126,397.3602507213212,248.49002089344344,178.0552681325241,19.215003482240572,21.392030643717042,73.0,18248.556163565812,362774.9477663914,219.24982588797135,5600000.0,392774.9477663914,397895.2542035618,0.0,346450.07511690375,209.38358372301263,1.1690513163873242,108227416644.4969,1530554773.3297179,1.0,1.2476370510396464,742.3551984877126,322126.9702076318,1.4538632937640277,2.1815369199439085,1610634.851038159,-3413.993479498662,-6339002.080369243
422,743.6028355387524,398.9362133121083,248.62135110934236,179.7406725698936,19.23689185155706,21.584648293702127,73.0,18287.298577255995,362446.6222266441,218.155407422147,5600000.0,392446.6222266441,399493.1051636654,0.0,346136.52422644506,208.33841408815036,1.1688345857571623,108500733499.25615,1535340591.8791018,1.0,1.24763705103976,743.6028355387524,323150.7234650401,1.455079613190949,2.185203313464258,1615753.6173252005,-3317.6438063094392,-6339001.596200031
423,744.8504725897922,400.51217590289525,248.75268132524127,181.426077007263,19.258780220873547,21.7772659436872,73.0,18326.040990946174,362118.2966868968,217.06098895632272,5600000.0,392118.2966868968,401090.9561237688,0.0,345822.97333598643,207.2932444532882,1.16861789530673,108774052030.01837,1540116261.9428253,1.0,1.24763705103976,744.8504725897922,324175.9051320304,1.4562979694967186,2.1888697069846077,1620879.525660152,-3221.13207358215,-6339001.11121645
424,746.0981096408318,402.0881384936822,248.88401154114018,183.11148144463237,19.280668590190032,21.96988359367227,73.0,18364.783404636353,361789.9711471495,215.96657049049844,5600000.0,391789.9711471495,402688.80708387226,0.0,345509.42244552774,206.248074818426,1.1684012450285788,109047370703.57068,1544881783.5208886,1.0,1.2476370510396464,746.0981096408318,325202.5143065532,1.457518367802137,2.192536100504957,1626012.571532766,-3124.4582667108625,-6339000.625418426
425,747.3457466918716,403.6651238682719,249.0153417570391,184.79688588200187,19.302556959506518,22.162501243657356,73.0,18403.525818326536,361461.64560740226,214.8721520246741,5600000.0,391461.64560740226,404286.6580439758,0.0,345195.8715550691,205.20290518356376,1.1681844943505255,109320687986.70033,1549641083.0060022,1.0,1.24763705103976,747.3457466918716,326230.5108324008,1.4587408132451833,2.1962024940253064,1631152.554162004,-3027.621344251558,-6339000.138800724
426,748.5933837429112,405.24984180678547,249.146671972938,186.48229031937126,19.324445328823003,22.35511889364243,73.0,18442.268232016715,361133.32006765495,213.77773355884983,5600000.0,391133.32006765495,405884.5090040793,0.0,344882.3206646105,204.15773554870157,1.1679667213665312,109594002346.19435,1554419887.2731938,1.0,1.2476370510396464,748.5933837429112,327259.6351023733,1.459965310981089,2.1998688875456556,1636298.1755118663,-2930.6145550170913,-6338999.651329422
427,749.8410207939509,406.83455974529903,249.27800218883692,188.16769475674064,19.34633369813949,22.5477365436275,73.0,18481.010645706894,360804.9945279077,212.68331509302556,5600000.0,390804.9945279077,407482.3599641827,0.0,344568.76977415185,203.1125659138394,1.1677489889797823,109867312248.84,1559188486.6742501,1.0,1.2476370510396464,749.8410207939509,328290.1820522847,1.4611918661824093,2.2035352810660047,1641450.9102614236,-2833.44564714469,-6338999.163043453
428,751.0886578449905,408.4192776838126,249.40933240473584,189.85309919411003,19.368222067455974,22.740354193612575,73.0,18519.753059397073,360476.6689881604,211.58889662720128,5600000.0,390476.6689881604,409080.2109242861,0.0,344255.21888369316,202.0673962789772,1.1675312971827105,110140616161.42438,1563946881.2091699,1.0,1.2476370510396464,751.0886578449905,329322.15077707975,1.4624204840390969,2.2072016745863543,1646610.7538853989,-2736.114605928771,-6338998.673942743
429,752.3362948960303,410.0039956223262,249.54066262063478,191.53850363147953,19.39011043677246,22.93297184359766,73.0,18558.495473087256,360148.34344841307,210.49447816137695,5600000.0,390148.34344841307,410678.06188438967,0.0,343941.66799323447,201.02222664411497,1.1673136459677493,110413912550.73468,1568695070.8779535,1.0,1.24763705103976,752.3362948960303,330355.5403720543,1.4636511697585741,2.210868068106704,1651777.7018602716,-2638.621416637674,-6338998.184027219
430,753.5839319470699,411.59351308327535,249.67199283653366,193.2239080688489,19.411998806088945,23.125589493582734,73.0,18597.237886777435,359820.0179086658,209.40005969555267,5600000.0,389820.0179086658,412275.9128444931,0.0,343628.11710277584,199.9770570092528,1.167095376327095,110687199883.55806,1573451403.431652,1.0,1.2476370510396464,753.5839319470699,331390.162813447,1.4648839285658073,2.214534461627053,1656950.814067235,-2540.961245340295,-6338997.69327259
431,754.8315689981097,413.1869863695155,249.80332305243257,194.9093125062183,19.43388717540543,23.318207143567804,73.0,18635.980300467614,359491.6923689185,208.3056412297284,5600000.0,389491.6923689185,413873.76380459656,0.0,343314.56621231715,198.9318873743906,1.1668766044452539,110960476626.68166,1578212609.9171793,1.0,1.24763705103976,754.8315689981097,332426.04843836086,1.466118765703381,2.2182008551474026,1662130.2421918043,-2443.134923996404,-6338997.201683035
432,756.0792060491494,414.78045965575575,249.93465326833152,196.5947169435878,19.45577554472192,23.51082479355289,73.0,18674.722714157797,359163.3668291712,207.21122276390403,5600000.0,389163.3668291712,415471.6147647001,0.0,343001.01532185846,197.88671773952834,1.1666578735721742,111233741246.89264,1582963555.156095,1.0,1.24763705103976,756.0792060491494,333463.35008336575,1.4673556864315709,2.221867248667752,1667316.750416829,-2345.1464096941054,-6338996.709278441
433,757.3268431001891,416.37393294199586,250.06598348423043,198.28012138095718,19.477663914038406,23.703442443537963,73.0,18713.465127847976,358835.04128942394,206.11680429807976,5600000.0,388835.04128942394,417069.46572480357,0.0,342687.4644313998,196.84154810466615,1.1664391837001695,111506992210.97813,1587704239.1483984,1.0,1.2476370510396464,757.3268431001891,334502.06684078556,1.46859469602842,2.2255336421881013,1672510.3342039278,-2246.995687599294,-6338996.216058732
434,758.5744801512287,417.96740622823603,250.19731370012934,199.96552581832657,19.49955228335489,23.896060093523033,73.0,18752.207541538155,358506.71574967663,205.02238583225548,5600000.0,388506.71574967663,418667.316684907,0.0,342373.91354094114,195.79637846980398,1.1662205348215537,111780227985.7253,1592434661.89409,1.0,1.2476370510396464,758.5744801512287,335542.19780329824,1.4698357997898137,2.2292000357084505,1677710.9890164912,-2148.682742853649,-6338995.722023834
435,759.8221172022685,419.5694557755447,250.32864391602826,201.65093025569595,19.521440652671377,24.088677743508107,73.0,18790.949955228334,358178.3902099294,203.9279673664312,5600000.0,388178.3902099294,420265.16764501046,0.0,342060.36265048257,194.7512088349418,1.166000750466068,112053447037.92137,1597187470.9001255,1.0,1.24763705103976,759.8221172022685,336583.4024605733,1.471079003029553,2.2328664292288,1682917.0123028667,-2050.1989478925243,-6338995.227130392
436,761.0697542533081,421.17168440951156,250.45997413192717,203.33633469306542,19.543329021987862,24.281295393493192,73.0,18829.692368918517,357850.06467018207,202.83354890060684,5600000.0,387850.06467018207,421863.01860511396,0.0,341746.8117600239,193.70603920007952,1.1657809829689851,112326647834.35338,1601930644.5901759,1.0,1.2476370510396464,761.0697542533081,337626.0102916281,1.472324311079434,2.2365328227491497,1688130.0514581404,-1951.5527201080695,-6338994.731420704
437,762.3173913043478,422.7739130434783,250.59130434782608,205.0217391304348,19.565217391304348,24.473913043478266,73.0,18868.434782608696,357521.73913043475,201.73913043478257,5600000.0,387521.73913043475,423460.8695652174,0.0,341433.2608695652,192.66086956521735,1.1655612568936191,112599828841.80856,1606663500.653138,1.0,1.2476370510396464,762.3173913043478,338670.0274553899,1.4735717292893205,2.240199216269499,1693350.1372769496,-1852.7442244021222,-6338994.2348956
438,763.5650283553875,424.37614167744505,250.72263456372502,206.7071435678042,19.587105760620837,24.66653069346334,73.0,18907.177196298875,357193.4135906875,200.6447119689583,5600000.0,387193.4135906875,425058.72052532085,0.0,341119.70997910656,191.61569993035516,1.1653415722321625,112872988527.0741,1611386039.0890124,1.0,1.24763705103976,763.5650283553875,339715.4530415984,1.474821263027223,2.2438656097898484,1698577.265207992,-1753.7734458129853,-6338993.737555004
439,764.8126654064272,425.9819679633867,250.85396477962394,208.39254800517358,19.608994129937322,24.85914834344841,73.0,18945.919609989054,356865.0880509402,199.55029350313401,5600000.0,386865.0880509402,426656.5714854243,0.0,340806.15908864787,190.57053029549297,1.1651214358353603,113146125356.93707,1616111908.8515992,1.0,1.2476370510396464,764.8126654064272,340762.14191166224,1.4760729176793754,2.2475320033101975,1703810.709558311,-1654.636755982414,-6338993.239380684
440,766.060302457467,427.59295194508013,250.98529499552285,210.07795244254308,19.630882499253808,25.0517659934335,73.0,18984.662023679237,356536.7625111929,198.45587503730968,5600000.0,386536.7625111929,428254.42244552786,0.0,340492.6081981892,189.52536066063072,1.1649006341753283,113419237798.1847,1620846988.7399235,1.0,1.24763705103976,766.060302457467,341810.0290912482,1.4773266986503106,2.251198396830547,1709050.145456241,-1555.3325726622716,-6338992.740364687
441,767.3079395085066,429.2039359267735,251.11662521142176,211.76335687991246,19.652770868570293,25.24438364341857,73.0,19023.404437369416,356208.4369714456,197.3614565714854,5600000.0,386208.4369714456,429852.2734056313,0.0,340179.05730773055,188.48019102576856,1.1646798743593236,113692324317.60411,1625571694.6206837,1.0,1.2476370510396464,767.3079395085066,342859.31980206,1.4785826113629406,2.2548647903508963,1714296.5990103004,-1455.8660608790815,-6338992.240532969
442,768.5555765595464,430.81491990846683,251.24795542732068,213.44876131728185,19.67465923788678,25.437001293403643,73.0,19062.146851059595,355880.1114316983,196.26703810566113,5600000.0,385880.1114316983,431450.12436573475,0.0,339865.50641727186,187.43502139090637,1.1644591563794162,113965383381.98247,1630286026.49388,1.0,1.24763705103976,768.5555765595464,343910.01313092984,1.4798406612586337,2.258531183871246,1719550.0656546492,-1356.2372055677697,-6338991.739885455
443,769.8032136105861,432.42590389016027,251.3792856432196,215.13416575465135,19.696547607203264,25.629618943388728,73.0,19100.889264749778,355551.78589195106,195.1726196398368,5600000.0,385551.78589195106,433047.9753258383,0.0,339551.9555268132,186.38985175604412,1.164238480227678,114238413458.10692,1634989984.359513,1.0,1.24763705103976,769.8032136105861,344962.1081650503,1.4811008537972927,2.2621975773915954,1724810.5408252513,-1256.4459916409105,-6338991.238422069
444,771.0508506616258,434.0442622624615,251.5106158591185,216.81957019202073,19.71843597651975,25.8222365933738,73.0,19139.631678439957,355223.46035220375,194.07820117401252,5600000.0,385223.46035220375,434645.82628594176,0.0,339238.4046363546,185.34468212118196,1.1640168360234115,114511413012.76462,1639711426.8338497,1.0,1.2476370510396464,771.0508506616258,346015.30379749066,1.4823631944574347,2.265863970911945,1730076.5189874535,-1156.4849962331355,-6338990.736105509
445,772.2984877126654,435.6640015918814,251.64194607501742,218.50497462939012,19.740324345836235,26.014854243358872,73.0,19178.374092130136,354895.1348124565,192.98378270818824,5600000.0,384895.1348124565,436243.6772460452,0.0,338924.85374589596,184.29951248631977,1.1637950449384895,114784380512.74272,1644427660.2795467,1.0,1.2476370510396464,772.2984877126654,347069.8410936132,1.4836276887362696,2.269530364432294,1735349.2054680658,-1056.3602242488414,-6338990.232965951
446,773.5461247637052,437.28374092130133,251.77327629091633,220.1903790667595,19.76221271515272,26.207471893343943,73.0,19217.116505820315,354566.8092727092,191.88936424236397,5600000.0,384566.8092727092,437841.52820614865,0.0,338611.3028554373,183.25434285145758,1.1635732961135106,115057314424.82841,1649133463.3372037,1.0,1.24763705103976,773.5461247637052,348125.77518183336,1.4848943421497809,2.2731967579526438,1740628.8759091669,-956.073047679849,-6338989.72901029
447,774.7937618147449,438.9034802507214,251.90460650681524,221.875783504129,19.78410108446921,26.400089543329027,73.0,19255.858919510498,354238.4837329619,190.7949457765396,5600000.0,384238.4837329619,439439.37916625215,0.0,338297.7519649786,182.2091732165953,1.1633515895404225,115330213215.80882,1653828836.0068219,1.0,1.24763705103976,774.7937618147449,349183.10514647,1.4861631602328045,2.2768631514729933,1745915.5257323498,-855.623451333493,-6338989.224238449
448,776.0413988657846,440.5256153616556,252.03593672271415,223.5611879414984,19.805989453785696,26.5927071933141,73.0,19294.601333200677,353910.1581932146,189.70052731071533,5600000.0,383910.1581932146,441037.2301263556,0.0,337984.20107451995,181.16400358173314,1.1631295973753184,115603075352.4711,1658522798.1004658,1.0,1.2476370510396464,776.0413988657846,350241.73135423125,1.4874341485391114,2.2805295449933425,1751208.6567711565,-755.0090130753815,-6338988.718638256
449,777.2890359168242,442.1541100388021,252.16726693861307,225.24659237886777,19.827877823102178,26.785324843299176,73.0,19333.343746890856,353581.8326534673,188.60610884489105,5600000.0,383581.8326534673,442635.08108645905,0.0,337670.65018406126,180.11883394687095,1.1629067775021567,115875899301.60242,1663230236.8582385,1.0,1.2476370510396464,777.2890359168242,351301.48817222094,1.4887073126414865,2.2841959385136916,1756507.4408611045,-654.2257351055741,-6338988.212189623
450,778.536672967864,443.7826047159487,252.29859715451198,226.93199681623727,19.849766192418667,26.97794249328426,73.0,19372.08616058104,353253.50711372,187.5116903790667,5600000.0,383253.50711372,444232.9320465626,0.0,337357.0992936026,179.07366431200867,1.1626840003144325,116148683529.98994,1667927188.847496,1.0,1.24763705103976,778.536672967864,352362.6359349481,1.4899826581318116,2.287862332034041,1761813.1796747404,-553.2799910791218,-6338987.704924578
451,779.7843100189036,445.41109939309524,252.4299273704109,228.61740125360666,19.871654561735152,27.170560143269334,73.0,19410.828574271218,352925.18157397275,186.41727191324242,5600000.0,382925.18157397275,445830.78300666605,0.0,337043.54840314394,178.0284946771465,1.1624612658039688,116421426504.42079,1672613654.0682378,1.0,1.2476370510396464,779.7843100189036,353425.1737238881,1.4912601906211465,2.291528725554391,1767125.8686194406,-452.1717657018453,-6338987.196843044
452,781.0319470699433,447.0395940702418,252.5612575863098,230.30280569097604,19.893542931051634,27.363177793254405,73.0,19449.570987961397,352596.85603422543,185.32285344741814,5600000.0,382596.85603422543,447428.6339667695,0.0,336729.99751268525,176.98332504228432,1.1622385739625896,116694126691.68214,1677289632.5204642,1.0,1.2476370510396464,781.0319470699433,354489.10062088404,1.4925399157398116,2.29519511907474,1772445.5031044201,-350.9010436544195,-6338986.687944943
453,782.0789772161974,455.7417968361356,254.23571783902096,227.46683912048556,19.79198089742314,28.00330315391503,72.53706098895633,17689.795343746908,352268.5304944782,157.99522435578575,5600000.0,382268.5304944782,456124.88309620926,0.0,336416.4466222267,150.88543925977538,1.1610492962940842,116906800587.65746,1708472854.939627,1.0,1.0470301462540874,782.0789772161974,355076.46517152473,1.4938218391374707,2.298271995110633,1775382.3258576237,-258.4174086134881,-6338986.223203058
454,783.0420654661228,467.40392000795987,256.55588498656857,222.73895134812437,19.63876231220773,28.830683514078235,71.88040990946172,15177.448313600536,351940.20495473087,119.69057805193358,5600000.0,381940.20495473087,467791.3839418968,0.0,336102.895731768,114.30450203959657,1.1594574121288201,117094249559.49295,1750686580.564831,1.0,0.9630882499254767,783.0420654661228,355463.4830483674,1.4951059664832138,2.3011021936175697,1777317.4152418366,-169.57167730666697,-6338985.776742097
455,784.0051537160481,479.0660431797834,258.87605213411604,218.0110635757635,19.485543726992336,29.65806387424139,71.22375882996715,12665.101283454327,351611.87941498356,81.38593174808392,5600000.0,381611.87941498356,479457.8847875836,0.0,335789.3448413093,77.72356481942013,1.1578677105540836,117281557589.82141,1792825207.396147,1.0,0.9630882499252493,784.0051537160481,355849.846144521,1.496392303465641,2.303932392124506,1779249.2307226053,-80.62858690693974,-6338985.329791894
456,784.9682419659734,490.7281663516069,261.1962192816635,213.28317580340263,19.332325141776938,30.48544423440454,70.56710775047259,10152.754253308118,351283.5538752363,43.081285444234254,5600000.0,381283.5538752363,491124.3856332704,0.0,335475.79395085067,41.14262759924371,1.1562801885773812,117468723765.03883,1834888735.4335783,1.0,0.963088249925363,784.9682419659734,356235.55405546987,1.497680855792946,2.306762590631442,1781177.7702773493,8.411870636977255,-6338984.882352409
457,785.9483434484131,501.208019102577,263.23760819818926,209.3590886478958,19.200298477763408,31.24656253109145,69.9910456670978,7962.9363247438,350998.507611183,9.985076111829663,5600000.0,380998.507611183,501608.9145358672,0.0,335203.57476867974,9.535747686797327,1.1548554616224698,117674208192.1238,1872673052.075641,1.0,0.9801014824396361,785.9483434484131,356685.65442639263,1.498801354493491,2.309642785413656,1783428.272131963,97.73013950325549,-6338984.433516887
458,787.0361954034424,504.2001591881406,263.51340165157694,210.52573873246445,19.202487314695055,31.588021092428626,69.92538055914834,7815.802706198383,350987.56342652475,9.875634265247236,5600000.0,380987.56342652475,504607.62113222573,0.0,335193.12307233113,9.43123072331111,1.154449005011115,117996796064.39935,1883798528.2922382,1.0,1.0878519550293504,787.0361954034424,357547.8490318653,1.4988444088090758,2.3128396232726276,1787739.2451593264,188.30349912773818,-6338983.978374376
459,788.1240473584718,507.1922992737042,263.7891951049647,211.69238881703313,19.204676151626703,31.9294796537658,69.85971545119888,7668.669087652967,350976.61924186646,9.766192418664808,5600000.0,380976.61924186646,507606.3277285843,0.0,335182.67137598246,9.32671375982489,1.1540426914540056,118319816065.3328,1894923362.2412474,1.0,1.0878519550293504,788.1240473584718,358410.75826674816,1.4988874655982736,2.3160364611315987,1792053.7913337408,279.00055569410324,-6338983.522610273
460,789.2118993135011,510.18443935926774,264.0649885583524,212.85903890160182,19.20686498855835,32.27093821510297,69.79405034324942,7521.535469107552,350965.6750572082,9.65675057208238,5600000.0,380965.6750572082,510605.0343249428,0.0,335172.21967963385,9.222196796338674,1.1536365209007935,118643268156.0694,1906047553.922669,1.0,1.0878519550293504,789.2118993135011,359274.3810405343,1.4989305248612976,2.31923329899057,1796371.9052026714,369.8213196536526,-6338983.066224525
461,790.2997512685305,513.1765794448315,264.34078201174015,214.02568898617056,19.20905382549,32.61239677644017,69.72838523529997,7374.401850562127,350954.73087255,9.547308725499946,5600000.0,380954.73087255,513603.7409213015,0.0,335161.76798328524,9.117679832852447,1.1532304933011475,118967152297.75433,1917171103.3365033,1.0,1.0878519550293504,790.2997512685305,360138.7162635648,1.4989735865983613,2.3224301368495412,1800693.581317824,460.76580148003995,-6338982.609217078
462,791.3876032235598,516.168719530395,264.6165754651278,215.19233907073925,19.21124266242165,32.95385533777734,69.66272012735051,7227.268232016711,350943.78668789176,9.437866878917518,5600000.0,380943.78668789176,516602.44751766,0.0,335151.31628693664,9.01316286936623,1.1528246086047547,119291468451.53291,1928294010.482749,1.0,1.0878519550293504,791.3876032235598,361003.76284702896,1.4990166508096774,2.3256269747085128,1805018.814235145,516.1687195301056,-6338946.486295754
463,792.4754551785892,519.1608596159587,264.89236891851556,216.35898915530794,19.213431499353298,33.29531389911452,69.59705501940105,7080.134613471296,350932.8425032335,9.32842503233509,5600000.0,380932.8425032335,519601.15411401854,0.0,335140.864590588,8.908645905880011,1.1524188667613193,119616216578.55031,1939416275.361407,1.0,1.0878519550293504,792.4754551785892,361869.51970296283,1.4990597174954596,2.328823812567484,1809347.5985148142,519.160859615542,-6338857.8282358125
464,793.5633071336185,522.1529997015222,265.1681623719033,217.5256392398766,19.215620336284946,33.63677246045169,69.5313899114516,6933.00099492588,350921.8983185753,9.218983185752663,5600000.0,380921.8983185753,522599.86071037705,0.0,335130.41289423936,8.804128942393792,1.152013267720564,119941396639.9518,1950537897.972477,1.0,1.0878519550293504,793.5633071336185,362735.98574424937,1.4991027866559212,2.3320206504264553,1813679.9287212468,522.1529997019097,-6338769.045804651
465,794.6511590886479,525.145139787086,265.443955825291,218.69228932444537,19.217809173216594,33.978231021788886,69.46572480350214,6785.8673763804545,350910.954133917,9.109541339170228,5600000.0,380910.954133917,525598.5673067358,0.0,335119.9611978907,8.699611978907567,1.1516078114322283,120267008596.88257,1961658878.31596,1.0,1.0878519550293504,794.6511590886479,363603.1598846178,1.4991458582912758,2.335217488285427,1818015.7994230888,525.1451397873461,-6338680.1389916865
466,795.7390110436772,528.1372798726495,265.71974927867876,219.85893940901403,19.219998010148245,34.31968958312606,69.40005969555268,6638.733757835039,350900.00994925876,9.0000994925878,5600000.0,380900.00994925876,528597.2739030942,0.0,335109.5095015421,8.595095015421348,1.1512024978460702,120593052410.48793,1972779216.3918543,1.0,1.0878519550293504,795.7390110436772,364471.04103864287,1.4991889324017356,2.338414326144398,1822355.2051932144,528.1372798727825,-6338591.107786324
467,796.8268629987066,531.1294199582131,265.99554273206644,221.02558949358271,19.222186847079893,34.66114814446323,69.33439458760323,6491.600139289623,350889.0657646005,8.890657646005373,5600000.0,380889.0657646005,531595.9804994528,0.0,335099.0578051935,8.490578051935131,1.1507973269118645,120919528041.91307,1983898912.200161,1.0,1.0878519550293504,796.8268629987066,365339.6281217444,1.4992320089875149,2.3416111640033694,1826698.140608722,531.1294199582189,-6338501.952177949
468,797.9147149537359,534.1215600437769,266.2713361854542,222.19223957815146,19.22437568401154,35.00260670580043,69.26872947965376,6344.466520744198,350878.1215799423,8.781215799422938,5600000.0,380878.1215799423,534594.6870958115,0.0,335088.60610884486,8.386061088448905,1.150392298579405,121246435452.30325,1995017965.7408803,1.0,1.0878519550293504,797.9147149537359,366208.92005018727,1.4992750880488268,2.3448080018623405,1831044.6002509363,534.1215600436553,-6338412.672155938
469,799.0025669087653,537.1137001293405,266.5471296388419,223.35888966272014,19.22656452094319,35.34406526713761,69.2030643717043,6197.332902198782,350867.17739528406,8.67177395284051,5600000.0,380867.17739528406,537593.39369217,0.0,335078.15441249625,8.281544124962688,1.149987412798502,121573774602.8037,2006136377.0140116,1.0,1.0878519550293504,799.0025669087653,367078.91574107995,1.4993181695858846,2.348004839721312,1835394.5787054,537.1137001290917,-6338323.26770965
470,800.0904188637946,540.105840214904,266.82292309222964,224.52553974728883,19.228753357874837,35.68552382847478,69.13739926375484,6050.199283653366,350856.2332106258,8.562332106258083,5600000.0,380856.2332106258,540592.1002885285,0.0,335067.70271614764,8.177027161476468,1.1495826695189835,121901545454.55965,2017254146.0195544,1.0,1.0878519550293504,800.0904188637946,367949.6141123748,1.499361253598902,2.351201677580283,1839748.0705618737,540.1058402145281,-6338233.738828426
471,801.178270818824,543.0979803004676,267.0987165456173,225.69218983185752,19.230942194806488,36.026982389811955,69.07173415580539,5903.065665107951,350845.2890259676,8.452890259675655,5600000.0,380845.2890259676,543590.806884887,0.0,335057.25101979903,8.072510197990251,1.1491780686906956,122229747968.71632,2028371272.7575097,1.0,1.0878519550293504,801.178270818824,368821.0140828669,1.4994043400880923,2.3543985154392546,1844105.0704143345,543.0979803008959,-6338144.085501599
472,802.2661227738533,546.0901203860313,267.37450999900506,226.85883991642626,19.233131031738136,36.368440951149154,69.00606904785593,5755.932046562526,350834.3448413093,8.34344841309322,5600000.0,380834.3448413093,546589.5134812457,0.0,335046.79932345037,7.967993234504025,1.1487736102635024,122558382106.41899,2039487757.2278776,1.0,1.0878519550293504,802.2661227738533,369693.11457219446,1.499447429053669,2.357595353298226,1848465.5728609723,546.0901203863323,-6338054.307718482
473,803.3539747288827,549.082260471595,267.6503034523928,228.02549000099495,19.235319868669784,36.709899512486324,68.94040393990647,5608.7984280171095,350823.40065665107,8.234006566510793,5600000.0,380823.40065665107,549588.2200776043,0.0,335036.34762710176,7.863476271017807,1.148369294187285,122887447828.81287,2050603599.4306574,1.0,1.0878519550293504,803.3539747288827,370565.9145008372,1.4994905204958457,2.360792191157197,1852829.572504186,549.0822604717687,-6337964.4054683745
474,804.441826683912,552.0744005571585,267.9260969057805,229.1921400855636,19.23750870560143,37.0513580738235,68.87473883195702,5461.664809471695,350812.45647199283,8.124564719928365,5600000.0,380812.45647199283,552586.9266739627,0.0,335025.89593075315,7.758959307531589,1.1479651204119419,123216945097.04323,2061718799.3658488,1.0,1.0878519550293504,804.441826683912,371439.4127901166,1.4995336144148357,2.3639890290161687,1857197.063950583,552.0744005572051,-6337874.378740559
475,805.5296786389414,555.0665406427223,268.20189035916826,230.35879017013238,19.239697542533083,37.3928166351607,68.80907372400756,5314.531190926269,350801.5122873346,8.01512287334593,5600000.0,380801.5122873346,555585.6332703215,0.0,335015.44423440454,7.654442344045363,1.1475610888873902,123546873872.25525,2072833357.0334537,1.0,1.0878519550293504,805.5296786389414,372313.608362195,1.4995767108108526,2.3671858668751398,1861568.0418109752,555.0665406426415,-6337784.227524311
476,806.6175305939707,558.0586807282858,268.477683812556,231.52544025470104,19.24188637946473,37.73427519649787,68.7434086160581,5167.397572380853,350790.56810267636,7.905681026763503,5600000.0,380790.56810267636,558584.33986668,0.0,335004.9925380559,7.549925380559145,1.1471571995635637,123877234115.59422,2083947272.4334695,1.0,1.0878519550293504,806.6175305939707,373188.50014007534,1.4996198096841102,2.3703827047341113,1865942.500700377,558.0586807280779,-6337693.951808881
477,807.7053825490001,561.0508208138494,268.7534772659437,232.69209033926973,19.24407521639638,38.075733757835046,68.67774350810865,5020.263953835438,350779.62391801813,7.796239180181075,5600000.0,380779.62391801813,561583.0464630385,0.0,334994.5408417073,7.445408417072927,1.1467534523904146,124208025788.20535,2095060545.5658977,1.0,1.0878519550293504,807.7053825490001,374064.08704760054,1.4996629110348219,2.3735795425930823,1870320.4352380026,561.0508208135143,-6337603.551583511
478,808.7932345040294,564.042960899413,269.0292707193314,233.8587404238384,19.246264053328026,38.417192319172216,68.61207840015919,4873.130335290021,350768.67973335984,7.686797333598648,5600000.0,380768.67973335984,564581.7530593971,0.0,334984.08914535865,7.340891453586708,1.1463498473179121,124539248851.23386,2106173176.4307375,1.0,1.0878519550293504,808.7932345040294,374940.36800945277,1.4997060148632015,2.376776380452054,1874701.840047264,564.0429608989507,-6337513.026837426
479,809.8810864590588,567.0351009849767,269.30506417271914,235.02539050840716,19.248452890259674,38.758650880509414,68.54641329220973,4725.996716744597,350757.7355487016,7.577355487016213,5600000.0,380757.7355487016,567580.4596557558,0.0,334973.63744901004,7.236374490100483,1.1459463842960431,124870903265.82503,2117285165.0279906,1.0,1.0878519550293504,809.8810864590588,375817.3419511532,1.499749121169462,2.379973218311025,1879086.709755766,567.0351009853184,-6337422.377559839
480,810.9689384140881,570.0272410705403,269.5808576261069,236.19204059297584,19.250641727191326,39.10010944184659,68.48074818426028,4578.863098199181,350746.79136404337,7.467913640433785,5600000.0,380746.79136404337,570579.1662521143,0.0,334963.1857526614,7.131857526614264,1.1455430632748125,125202988993.12408,2128396511.3576555,1.0,1.0878519550293504,810.9689384140881,376695.0077990616,1.499792229953818,2.3831700561699964,1883475.038995308,570.0272410707548,-6337331.603739942
481,812.0567903691175,573.0193811561039,269.85665107949455,237.35869067754453,19.252830564122974,39.44156800318376,68.41508307631082,4431.729479653765,350735.84717938513,7.358471793851358,5600000.0,380735.84717938513,573577.8728484728,0.0,334952.73405631277,7.027340563128046,1.1451398842042424,125535505994.27623,2139507215.4197326,1.0,1.0878519550293504,812.0567903691175,377573.3644803753,1.4998353412164827,2.386366894028968,1887866.8224018768,573.0193811561912,-6337240.705366918
482,813.1446423241468,576.0115212416677,270.1324445328823,238.52534076211327,19.25501940105462,39.78302656452096,68.34941796836135,4284.59586110834,350724.9029947269,7.249029947268923,5600000.0,380724.9029947269,576576.5794448315,0.0,334942.28235996416,6.922823599641821,1.1447368470343724,125868454230.42676,2150617277.214222,1.0,1.0878519550293504,813.1446423241468,378452.41092312936,1.4998784549576698,2.389563731887939,1892262.0546156466,576.0115212416276,-6337149.682429933
483,814.2324942791762,579.0036613272312,270.40823798627,239.69199084668196,19.25720823798627,40.12448512585813,68.2837528604119,4137.462242562924,350713.95881006867,7.139588100686495,5600000.0,380713.95881006867,579575.28604119,0.0,334931.83066361555,6.818306636155603,1.1443339517152604,126201833662.72086,2161726696.7411227,1.0,1.0878519550293504,814.2324942791762,379332.14605619543,1.4999215711775933,2.3927605697469105,1896660.7302809774,579.003661327064,-6337058.534918139
484,815.3203462342055,581.9958014127948,270.68403143965776,240.85864093125065,19.259397074917917,40.465943687195306,68.21808775246244,3990.3286240175084,350703.01462541043,7.030146254104068,5600000.0,380703.01462541043,582573.9926375486,0.0,334921.37896726694,6.713789672669384,1.143931198196981,126535644252.30382,2172835474.0004363,1.0,1.0878519550293504,815.3203462342055,380212.5688092817,1.4999646898764665,2.3959574076058816,1901062.8440464083,581.9958014125004,-6336967.262820671
485,816.4081981892349,584.9879414983584,270.9598248930455,242.0252910158193,19.26158591184957,40.80740224853248,68.15242264451298,3843.195005472093,350692.07044075214,6.92070440752164,5600000.0,380692.07044075214,585572.699233907,0.0,334910.92727091827,6.609272709183166,1.1435285864296272,126869885960.32079,2183943608.9921618,1.0,1.0878519550293504,816.4081981892349,381093.678112932,1.500007811054504,2.399154245464853,1905468.39056466,584.9879414979368,-6336875.866126653
486,817.4960501442642,587.9800815839221,271.2356183464332,243.19194110038808,19.263774748781216,41.148860809869674,68.08675753656352,3696.061386926667,350681.1262560939,6.8112625609392055,5600000.0,380681.1262560939,588571.4058302657,0.0,334900.47557456966,6.504755745696941,1.1431261163633084,127204558747.91708,2195051101.7163,1.0,1.0878519550293504,817.4960501442642,381975.47289852554,1.500050934711919,2.402351083323824,1909877.3644926278,587.9800815843046,-6336784.344825189
487,818.5839020992936,590.9722216694856,271.5114117998209,244.35859118495674,19.265963585712864,41.49031937120685,68.02109242861407,3548.9277683812516,350670.1820714357,6.701820714356778,5600000.0,380670.1820714357,591570.1124266243,0.0,334890.02387822105,6.400238782210723,1.1427237879481529,127539662576.23793,2206157952.172849,1.0,1.0878519550293504,818.5839020992936,382857.9520982764,1.5000940608489255,2.4055479211827957,1914289.7604913823,590.972221669741,-6336692.698905371
488,819.671754054323,593.9643617550493,271.78720525320864,245.52524126952542,19.268152422644512,41.83177793254403,67.95542732066461,3401.794149835836,350659.23788677744,6.59237886777435,5600000.0,380659.23788677744,594568.8190229828,0.0,334879.57218187244,6.2957218187245045,1.1423216011343056,127875197406.42857,2217264160.3618116,1.0,1.0878519550293504,819.671754054323,383741.114645233,1.500137189465737,2.408744759041767,1918705.5732261653,593.9643617551774,-6336600.928356278
489,820.7596060093523,596.956501840613,272.0629987065964,246.69189135409417,19.270341259576163,42.17323649388122,67.88976221271515,3254.660531290411,350648.2937021192,6.4829370211919155,5600000.0,380648.2937021192,597567.5256193415,0.0,334869.12048552383,6.191204855238279,1.1419195558719295,128211163199.6342,2228369726.283186,1.0,1.0878519550293504,820.7596060093523,384624.9594732773,1.500180320562568,2.4119415969007383,1923124.7973663865,596.9565018406138,-6336509.033166972
490,821.8474579643816,599.9486419261766,272.3387921599841,247.85854143866285,19.27253009650781,42.5146950552184,67.8240971047657,3107.5269127449956,350637.34951746097,6.373495174609488,5600000.0,380637.34951746097,600566.2322157,0.0,334858.6687891752,6.086687891752061,1.1415176521112047,128547559917.00009,2239474649.936972,1.0,1.0878519550293504,821.8474579643816,385509.4855171247,1.5002234541396322,2.41513843475971,1927547.4275856235,599.9486419260502,-6336417.013326498
491,822.935309919411,602.9407820117401,272.6145856133718,249.02519152323154,19.27471893343946,42.856153616555574,67.75843199681624,2960.39329419958,350626.4053328027,6.26405332802706,5600000.0,380626.4053328027,603564.9388120585,0.0,334848.21709282656,5.982170928265842,1.1411158898023293,128884387519.67146,2250578931.32317,1.0,1.0878519550293504,822.935309919411,386394.69171232334,1.5002665901971435,2.418335272618681,1931973.4585616165,602.9407820114866,-6336324.868823891
492,824.0231618744403,605.9329220973037,272.8903790667595,250.1918416078002,19.276907770371107,43.19761217789274,67.69276688886679,2813.2596756541634,350615.46114814444,6.154611481444633,5600000.0,380615.46114814444,606563.6454084171,0.0,334837.76539647795,5.877653964779624,1.1407142688955183,129221645968.79356,2261682570.441781,1.0,1.0878519550293504,824.0231618744403,387280.57699525345,1.5003097287353158,2.4215321104776524,1936402.884976267,605.932922096923,-6336232.599648166
493,825.1110138294697,608.9250621828675,273.16617252014726,251.35849169236897,19.279096607302755,43.53907073922994,67.62710178091731,2666.1260571087387,350604.5169634862,6.045169634862198,5600000.0,380604.5169634862,609562.3520047758,0.0,334827.31370012934,5.7731370012933985,1.1403127893410052,129559335225.51163,2272785567.2928042,1.0,1.0878519550293504,825.1110138294697,388167.1403031272,1.500352869754363,2.4247289483366234,1940835.701515636,608.9250621832907,-6336140.205788327
494,826.198865784499,611.9172022684311,273.441965973535,252.52514177693763,19.281285444234406,43.88052930056712,67.56143667296786,2518.992438563323,350593.572778828,5.93572778827977,5600000.0,380593.572778828,612561.0586011343,0.0,334816.8620037807,5.66862003780718,1.1399114510890398,129897455250.9709,2283887921.8762393,1.0,1.0878519550293504,826.198865784499,389054.3805739878,1.5003960132544993,2.427925786195595,1945271.9028699389,611.9172022687271,-6336047.687233362
495,827.2867177395284,614.9093423539946,273.7177594269227,253.69179186150632,19.283474281166054,44.22198786190429,67.4957715650184,2371.8588200179074,350582.62859416974,5.826285941697343,5600000.0,380582.62859416974,615559.7651974928,0.0,334806.4103074321,5.564103074320962,1.1395102540898903,130236006006.31659,2294989634.192086,1.0,1.0878519550293504,827.2867177395284,389942.29674670903,1.500439159235939,2.431122624054566,1949711.4837335453,614.9093423541635,-6335955.0439722445
496,828.3745696945577,617.9014824395584,273.99355288031046,254.85844194607506,19.285663118097702,44.56344642324149,67.43010645706894,2224.725201472482,350571.6844095115,5.716844095114908,5600000.0,380571.6844095115,618558.4717938516,0.0,334795.95861108345,5.459586110834737,1.1391091982938422,130574987452.69398,2306090704.240346,1.0,1.0878519550293504,828.3745696945577,390830.88776099536,1.5004823076988958,2.4343194619135375,1954154.4388049769,617.9014824395999,-6335862.275993931
497,829.4624216495871,620.8936225251219,274.26934633369814,256.02509203064375,19.28785195502935,44.90490498457866,67.36444134911949,2077.591582927066,350560.7402248533,5.60740224853248,5600000.0,380560.7402248533,621557.17839021,0.0,334785.50691473484,5.355069147348519,1.1387082836511981,130914399551.2483,2317191132.0210176,1.0,1.0878519550293504,829.4624216495871,391720.1525573804,1.5005254586435837,2.437516299772509,1958600.762786902,620.8936225250363,-6335769.383287366
498,830.5502736046165,623.8857626106856,274.5451397870859,257.19174211521243,19.290040791961,45.246363545915834,67.29877624117003,1930.4579643816505,350549.796040195,5.497960401950053,5600000.0,380549.796040195,624555.8849865686,0.0,334775.0552183862,5.2505521838623,1.138307510112279,131254242263.12473,2328290917.5341005,1.0,1.0878519550293504,830.5502736046165,392610.09007722716,1.5005686120702173,2.44071313763148,1963050.4503861356,623.8857626104727,-6335676.365841475
499,831.6381255596458,626.8779026962491,274.8209332404736,258.3583921997811,19.29222962889265,45.587822107253004,67.23311113322058,1783.324345836235,350538.85185553675,5.388518555367625,5600000.0,380538.85185553675,627554.591582927,0.0,334764.60352203756,5.146035220376082,1.1379068776274224,131594515549.46857,2339390060.779596,1.0,1.0878519550293504,831.6381255596458,393500.6992627272,1.5006117679790103,2.4439099754904516,1967503.496313636,626.8779026959091,-6335583.223645175
500,832.7259775146752,629.8700427818129,275.09672669386134,259.52504228434987,19.294418465824297,45.9292806685902,67.16744602527112,1636.1907272908093,350527.9076708785,5.27907670878519,5600000.0,380527.9076708785,630553.2981792858,0.0,334754.15182568895,5.041518256889857,1.1375063861469838,131935219371.42502,2350488561.7575045,1.0,1.0878519550293504,832.7259775146752,394391.9790569003,1.5006549263701772,2.4471068133494227,1971959.8952845016,629.8700427822769,-6335489.956687361
501,833.8138294697045,632.8621828673764,275.372520147249,260.69169236891855,19.296607302755945,46.27073922992738,67.10178091732166,1489.0571087453936,350516.9634862203,5.169634862202763,5600000.0,380516.9634862203,633552.0047756443,0.0,334743.70012934034,4.937001293403639,1.1371060356213358,132276353690.13937,2361586420.4678245,1.0,1.0878519550293504,833.8138294697045,395283.92840359383,1.5006980872439315,2.450303651208394,1976419.6420179694,632.8621828677133,-6335396.564956918
502,834.9016814247339,635.85432295294,275.64831360063675,261.85834245348724,19.298796139687592,46.61219779126455,67.0361158093722,1341.923490199978,350506.01930156205,5.060193015620335,5600000.0,380506.01930156205,636550.7113720028,0.0,334733.24843299174,4.83248432991742,1.1367058260008691,132617918466.75679,2372683636.910557,1.0,1.0878519550293504,834.9016814247339,396176.5462474823,1.5007412506004882,2.4535004890673653,1980882.7312374115,635.8543229531497,-6335303.048442716
503,835.9304347826087,639.0296686896826,275.88864789573176,263.07818127549496,19.3,46.994040393990645,66.97045070142275,1255.6417271913244,350497.04507014225,4.980300467615163,5600000.0,380497.04507014225,639729.6686896826,0.0,334724.67804198584,4.75618694657248,1.1362812660133186,132941803941.67116,2384476166.54536,1.0,1.028753357874848,835.9304347826087,397005.1364290875,1.500776646405682,2.4565236556543204,1985025.6821454375,639.0296686897054,-6335214.493598351
504,836.8869565217392,642.428932444533,276.08564321958016,264.36302855437276,19.3,47.425241269525436,66.90478559347328,1243.7344542831554,350490.47855934734,4.9365237289821895,5600000.0,380490.47855934734,643128.932444533,0.0,334718.4070241767,4.714380161177991,1.1358269427793002,133243918451.53548,2397118814.3841133,1.0,0.9565217391304941,836.8869565217392,397755.1110129454,1.500802546833169,2.459334557353255,1988775.5550647269,642.4289324441925,-6335132.051238579
505,837.8434782608696,645.8281961993832,276.2826385434285,265.64787583325045,19.3,47.8564421450602,66.83912048552382,1231.8271813749873,350483.91204855236,4.8927469903492184,5600000.0,380483.91204855236,646528.1961993832,0.0,334712.1360063675,4.672573375783504,1.135372801198898,133546370572.02217,2409761024.428471,1.0,0.9565217391303804,837.8434782608696,398505.4611900503,1.5008284481546514,2.462145459052189,1992527.3059502512,645.8281961996108,-6335049.512340865
506,838.8,649.2274599542334,276.4796338672769,266.93272311212814,19.3,48.28764302059496,66.77345537757436,1219.9199084668192,350477.34553775744,4.848970251716247,5600000.0,380477.34553775744,649927.4599542334,0.0,334705.86498855834,4.630766590389016,1.1349188411994808,133849160285.10754,2422402796.6784334,1.0,0.9565217391303804,838.8,399256.1861248134,1.5008543503701754,2.4649563607511236,1996280.9306240669,649.2274599540979,-6334966.876897536
507,839.7565217391304,652.6267237090839,276.6766291911253,268.21757039100595,19.3,48.718843896129755,66.70779026962491,1208.0126355586503,350470.77902696247,4.805193513083273,5600000.0,380470.77902696247,653326.7237090839,0.0,334699.5939707491,4.588959804994525,1.1344650627084467,134152287572.7678,2435044131.134001,1.0,0.9565217391304941,839.7565217391304,400007.2849824202,1.5008802534797876,2.4677672624500584,2000036.4249121011,652.6267237095162,-6334884.144900905
508,840.7130434782609,656.025987463934,276.87362451497364,269.50241766988364,19.3,49.15004477166452,66.64212516167545,1196.1053626504822,350464.21251616755,4.761416774450302,5600000.0,380464.21251616755,656725.987463934,0.0,334693.32295294,4.547153019600038,1.134011465653222,134455752416.97922,2447685027.7951727,1.0,0.9565217391304941,840.7130434782609,400758.7569288296,1.5009061574835338,2.4705781641489932,2003793.7846441478,656.0259874640033,-6334801.316343278
509,841.6695652173913,659.4252512187842,277.07061983882204,270.78726494876133,19.3,49.58124564719929,66.576460053726,1184.198089742314,350457.6460053726,4.717640035817331,5600000.0,380457.6460053726,660125.2512187843,0.0,334687.0519351308,4.50534623420555,1.1335580499612632,134759554799.71791,2460325486.6619487,1.0,0.9565217391303804,841.6695652173913,401510.60113077366,1.500932062381461,2.4733890658479276,2007553.0056538684,659.4252512184903,-6334718.391216952
510,842.6260869565217,662.8245149736345,277.2676151626704,272.072112227639,19.3,50.01244652273405,66.51079494577654,1172.290816834146,350451.07949457766,4.67386329718436,5600000.0,380451.07949457766,663524.5149736344,0.0,334680.7809173216,4.463539448811063,1.1331048155600547,135063694702.96022,2472965507.73433,1.0,0.9565217391303804,842.6260869565217,402262.8167557571,1.500957968173615,2.476199967546862,2011314.0837787855,662.8245149739087,-6334635.369514217
511,843.5826086956522,666.2237787284848,277.4646104865188,273.35695950651683,19.3,50.443647398268844,66.44512983782708,1160.383543925977,350444.5129837827,4.630086558551386,5600000.0,380444.5129837827,666923.7787284849,0.0,334674.50989951246,4.421732663416574,1.1326517623771106,135368172108.68233,2485605091.0123167,1.0,0.9565217391304941,843.5826086956522,403015.40297205676,1.500983874860042,2.479010869245797,2015077.014860284,666.2237787283957,-6334552.25122735
512,844.5391304347827,669.6230424833351,277.6616058103671,274.6418067853945,19.3,50.87484827380361,66.37946472987763,1148.4762710178088,350437.94647298777,4.586309819918415,5600000.0,380437.94647298777,670323.0424833351,0.0,334668.2388817033,4.379925878022086,1.132198890339974,135672986998.86052,2498244236.4959073,1.0,0.9565217391304941,844.5391304347827,403768.3589487209,1.5010097824407886,2.481821770944731,2018841.7947436045,669.6230424828827,-6334469.036348621
513,845.4956521739131,673.0223062381853,277.8586011342155,275.9266540642722,19.3,51.30604914933837,66.31379962192817,1136.5689981096407,350431.3799621928,4.542533081285444,5600000.0,380431.3799621928,673722.3062381853,0.0,334661.9678638941,4.338119092627599,1.1317461993762166,135978139355.47092,2510882944.185102,1.0,0.9565217391303804,845.4956521739131,404521.68385556835,1.501035690915901,2.4846326726436656,2022608.4192778417,673.0223062383011,-6334385.724870293
514,846.4521739130436,676.4215699930356,278.0555964580639,277.21150134315,19.3,51.73725002487317,66.2481345139787,1124.6617252014719,350424.8134513979,4.49875634265247,5600000.0,380424.8134513979,677121.5699930356,0.0,334655.69684608496,4.296312307233109,1.131293689413439,136283629160.48988,2523521214.079903,1.0,0.9565217391304941,846.4521739130436,405275.37686318875,1.5010616002854253,2.4874435743426004,2026376.884315944,676.4215699927881,-6334302.3167846175
515,847.408695652174,679.8208337478859,278.25259178191226,278.4963486220277,19.3,52.16845090040793,66.18246940602924,1112.7544522933038,350418.2469406029,4.454979604019499,5600000.0,380418.2469406029,680520.8337478859,0.0,334649.42582827574,4.254505521838621,1.130841360379271,136589456395.89352,2536159046.1803074,1.0,0.9565217391303804,847.408695652174,406029.43714294105,1.5010875105494084,2.490254476041535,2030147.1857147054,679.8208337482065,-6334218.812083838
516,848.3652173913043,683.220097502736,278.44958710576066,279.7811959009054,19.3,52.5996517759427,66.11680429807978,1100.8471793851356,350411.680429808,4.411202865386528,5600000.0,380411.680429808,683920.0975027361,0.0,334643.1548104666,4.212698736444134,1.1303892122013717,136895621043.65814,2548796440.486317,1.0,0.9565217391303804,848.3652173913043,406783.86386695405,1.5011134217078959,2.493065377740469,2033919.3193347706,683.2200975026935,-6334135.210760187
517,849.3217391304348,686.6193612575863,278.646582429609,281.0660431797831,19.3,53.03085265147746,66.05113919013033,1088.9399064769675,350405.113919013,4.367426126753557,5600000.0,380405.113919013,687319.3612575863,0.0,334636.8837926574,4.170891951049647,1.1299372448074283,137202123085.75998,2561433396.997931,1.0,0.9565217391304941,849.3217391304348,407538.65620812506,1.501139333760935,2.495876279439404,2037693.2810406254,686.6193612571806,-6334051.512805894
518,850.2782608695653,690.0186250124367,278.8435777534574,282.3508904586609,19.3,53.46205352701225,65.98547408218087,1077.0326335687987,350398.5474082181,4.323649388120583,5600000.0,380398.5474082181,690718.6250124368,0.0,334630.61277484824,4.129085165655157,1.1294854581251574,137508962504.17526,2574069915.715151,1.0,0.9565217391304941,850.2782608695653,408293.81334011926,1.5011652467085708,2.498687181138339,2041469.0667005964,690.0186250125989,-6333967.718213173
519,851.2347826086957,693.4178887672869,279.04057307730574,283.6357377375386,19.3,53.893254402547015,65.91980897423142,1065.1253606606306,350391.9808974231,4.279872649487612,5600000.0,380391.9808974231,694117.8887672869,0.0,334624.3417570391,4.08727838026067,1.1290338520823047,137816139280.88016,2586705996.637974,1.0,0.9565217391303804,851.2347826086957,409049.33443736966,1.5011911605508508,2.5014980828372733,2045246.6721868482,693.417888767086,-6333883.82697423
520,852.1913043478261,696.8171525221371,279.23756840115414,284.9205850164163,19.3,54.324455278081786,65.85414386628196,1053.2180877524625,350385.4143866282,4.236095910854641,5600000.0,380385.4143866282,697517.1525221372,0.0,334618.0707392299,4.045471594866182,1.1285824266066442,138123653397.85098,2599341639.7664022,1.0,0.9565217391303804,852.1913043478261,409805.2186750764,1.501217075287821,2.504308984536207,2049026.0933753818,696.8171525225043,-6333799.839081267
521,853.1478260869566,700.2164162769875,279.43456372500253,286.2054322952941,19.3,54.75565615361658,65.7884787583325,1041.3108148442934,350378.8478758333,4.1923191722216675,5600000.0,380378.8478758333,700916.4162769875,0.0,334611.79972142074,4.003664809471692,1.1281311816259791,138431504837.06393,2611976845.100436,1.0,0.9565217391304941,853.1478260869566,410561.4652292061,1.5012429909195268,2.507119886235142,2052807.3261460303,700.2164162769914,-6333715.754526472
522,854.1043478260871,703.6156800318378,279.6315590488509,287.4902795741718,19.3,55.18685702915134,65.72281365038305,1029.4035419361253,350372.2813650383,4.1485424335886965,5600000.0,380372.2813650383,704315.6800318378,0.0,334605.5287036116,3.961858024077205,1.1276801170681419,138739693580.49524,2624611612.640074,1.0,0.9565217391304941,854.1043478260871,411318.0732764913,1.5012689074460162,2.509930787934077,2056590.3663824566,703.6156800314784,-6333631.573302025
523,855.0608695652174,707.0149437866879,279.8285543726993,288.77512685304947,19.3,55.618057904686104,65.65714854243359,1017.4962690279572,350365.7148542434,4.104765694955725,5600000.0,380365.7148542434,707714.9437866879,0.0,334599.2576858024,3.9200512386827175,1.127229232860993,139048219610.12112,2637245942.3853164,1.0,0.9565217391303804,855.0608695652174,412075.04199442995,1.5012948248673341,2.5127416896330113,2060375.2099721495,707.0149437868968,-6333547.2954001
524,856.0173913043478,710.4142075415382,280.0255496965476,290.05997413192716,19.3,56.04925878022087,65.59148343448413,1005.588996119789,350359.1483434484,4.060988956322754,5600000.0,380359.1483434484,711114.2075415382,0.0,334592.98666799325,3.87824445328823,1.1267785289324224,139357082907.91776,2649879834.3361635,1.0,0.9565217391303804,856.0173913043478,412832.3705612848,1.5013207431835278,2.5155525913319456,2064161.852806424,710.4142075413838,-6333462.920812857
525,856.9739130434783,713.8134712963886,280.222545020396,291.34482141080497,19.3,56.480459655755666,65.52581832653468,993.6817232116202,350352.5818326535,4.01721221768978,5600000.0,380352.5818326535,714513.4712963885,0.0,334586.7156501841,3.8364376678937395,1.1263280052103486,139666283455.86154,2662513288.492616,1.0,0.9565217391304941,856.9739130434783,413590.05815608345,1.5013466623946432,2.5183634930308805,2067950.2907804174,713.8134712968022,-6333378.449532452
526,857.9304347826087,717.2127350512387,280.41954034424435,292.62966868968266,19.3,56.91166053129043,65.46015321858522,981.7744503034521,350346.0153218585,3.9734354790568087,5600000.0,380346.0153218585,717912.7350512388,0.0,334580.44463237486,3.794630882499252,1.125877661622719,139975821235.92853,2675146304.8546724,1.0,0.9565217391303804,857.9304347826087,414348.10395861644,1.5013725825007267,2.521174394729815,2071740.5197930823,717.2127350512892,-6333293.88155103
527,858.8869565217392,720.611998806089,280.61653566809275,293.91451596856035,19.3,57.34286140682519,65.39448811063576,969.867177395284,350339.4488110636,3.9296587404238377,5600000.0,380339.4488110636,721311.9988060889,0.0,334574.17361456575,3.7528240971047646,1.1254274980975103,140285696230.0951,2687778883.422334,1.0,0.9565217391304941,858.8869565217392,415106.5071494385,1.5013985035018247,2.5239852964287492,2075532.5357471923,720.6119988057762,-6333209.216860725
528,859.8434782608696,724.0112625609391,280.8135309919411,295.19936324743804,19.3,57.77406228235996,65.3288230026863,957.9599044871159,350332.8823002686,3.8858820017908666,5600000.0,380332.8823002686,724711.2625609392,0.0,334567.9025967565,3.7110173117102776,1.124977514562727,140595908420.33734,2700411024.1955996,1.0,0.9565217391303804,859.8434782608696,415865.266909866,1.5014244253979836,2.5267961981276836,2079326.33454933,724.0112625611946,-6333124.455453666
529,860.8000000000001,727.4105263157896,281.0105263157895,296.48421052631585,19.3,58.20526315789475,65.26315789473684,946.052631578947,350326.3157894737,3.842105263157893,5600000.0,380326.3157894737,728110.5263157896,0.0,334561.63157894736,3.6692105263157875,1.124527710946403,140906457788.63162,2713042727.1744714,1.0,0.9565217391304941,860.8000000000001,416624.3824219785,1.5014503481892494,2.5296070998266185,2083121.9121098923,727.4105263156816,-6333039.597321968
530,861.7565217391304,730.8097900706398,281.2075216396379,297.76905780519354,19.3,58.63646403342952,65.19749278678738,934.1453586707788,350319.74927867873,3.798328524524922,5600000.0,380319.74927867873,731509.7900706398,0.0,334555.3605611382,3.6274037409213,1.1240780871766007,141217344316.95404,2725673992.3589463,1.0,0.9565217391303804,861.7565217391304,417383.85286861635,1.5014762718756691,2.532418001525553,2086919.2643430817,730.8097900711,-6332954.642457742
531,862.7130434782609,734.20905382549,281.40451696348623,299.05390508407123,19.3,59.06766490896428,65.13182767883792,922.2380857626107,350313.1827678838,3.754551785891951,5600000.0,380313.1827678838,734909.05382549,0.0,334549.089543329,3.585596955526813,1.1236286431814122,141528567987.28094,2738304819.749027,1.0,0.9565217391304941,862.7130434782609,418143.6774333816,1.5015021964572883,2.5352289032244877,2090718.3871669082,734.209053825587,-6332869.59085309
532,863.6695652173914,737.6083175803404,281.60151228733463,300.33875236294904,19.3,59.498865784499074,65.06616257088847,910.3308128544418,350306.61625708884,3.710775047258977,5600000.0,380306.61625708884,738308.3175803404,0.0,334542.8185255198,3.543790170132323,1.1231793788889566,141840128781.5885,2750935209.3447123,1.0,0.9565217391304941,863.6695652173914,418903.8553006364,1.5015281219341543,2.5380398049234225,2094519.2765031816,737.6083175800741,-6332784.4425001
533,864.6260869565218,741.0075813351906,281.79850761118297,301.62359964182673,19.3,59.93006666003384,65.00049746293901,898.4235399462736,350300.0497462939,3.666998308626006,5600000.0,380300.0497462939,741707.5813351907,0.0,334536.5475077107,3.5019833847378354,1.1227302942273836,142152026681.85294,2763565161.146002,1.0,0.9565217391303804,864.6260869565218,419664.3856555029,1.5015540483063126,2.540850706622357,2098321.9282775144,741.0075813354924,-6332699.197390854
534,865.5826086956522,744.4068450900409,281.99550293503137,302.9084469207044,19.3,60.3612675355686,64.93483235498955,886.5162670381055,350293.48323549895,3.623221569993035,5600000.0,380293.48323549895,745106.8450900408,0.0,334530.2764899015,3.4601765993433484,1.1222813891248702,142464261670.05048,2776194675.1528964,1.0,0.9565217391303804,865.5826086956522,420425.2676838629,1.5015799755738102,2.5436616083212913,2102126.3384193145,744.4068450899795,-6332613.855517427
535,866.5391304347827,747.806108844891,282.1924982588797,304.1932941995821,19.3,60.79246841110337,64.8691672470401,874.6089941299374,350286.91672470403,3.579444831360064,5600000.0,380286.91672470403,748506.1088448911,0.0,334524.0054720923,3.418369813948861,1.121832663509623,142776833728.15747,2788823751.365395,1.0,0.9565217391304941,866.5391304347827,421186.50057235704,1.5016059037366931,2.5464725100202257,2105932.5028617852,747.8061088444665,-6332528.416871882
536,867.4956521739131,751.2053725997414,282.3894935827281,305.4781414784599,19.3,61.22366928663816,64.80350213909064,862.7017212217686,350280.35021390906,3.5356680927270903,5600000.0,380280.35021390906,751905.3725997414,0.0,334517.73445428314,3.376563028554371,1.1213841173098766,143089742838.14996,2801452389.7834992,1.0,0.9565217391303804,867.4956521739131,421948.08350838406,1.501631832795008,2.54928341171916,2109740.41754192,751.2053725998849,-6332442.881446275
537,868.4521739130436,754.6046363545917,282.58648890657645,306.7629887573376,19.3,61.65487016217293,64.73783703114118,850.7944483136005,350273.78370311414,3.491891354094119,5600000.0,380273.78370311414,755304.6363545917,0.0,334511.463436474,3.334756243159884,1.1209357504538953,143402988982.00433,2814080590.407208,1.0,0.9565217391304941,868.4521739130436,422710.015680101,1.5016577627488006,2.552094313418095,2113550.0784005052,754.6046363543719,-6332357.249232651
538,869.408695652174,758.0039001094418,282.78348423042485,308.0478360362153,19.3,62.08607103770769,64.67217192319173,838.8871754054323,350267.21719231916,3.448114615461148,5600000.0,380267.21719231916,758703.9001094418,0.0,334505.1924186648,3.2929494577653964,1.120487562869971,143716572141.69672,2826708353.236521,1.0,0.9565217391303804,869.408695652174,423472.2962764216,1.5016836935981184,2.5549052151170293,2117361.481382108,758.0039001097903,-6332271.520223048
539,870.3652173913044,761.4031638642923,282.98047955427324,309.3326833150931,19.3,62.51727191324248,64.60650681524226,826.9799024972633,350260.65068152425,3.404337876828174,5600000.0,380260.65068152425,762103.1638642923,0.0,334498.92140085564,3.2511426723709063,1.120039554486425,144030492299.20343,2839335678.27144,1.0,0.9565217391304941,870.3652173913044,424234.9244870167,1.5017096253430067,2.557716116815964,2121174.6224350836,761.4031638642773,-6332185.6944094915
540,871.3217391304348,764.8024276191425,283.1774748781216,310.6175305939708,19.3,62.94847278877725,64.5408417072928,815.0726295890952,350254.0841707293,3.360561138195203,5600000.0,380254.0841707293,765502.4276191425,0.0,334492.6503830464,3.209335886976419,1.1195917252316068,144344749436.5006,2851962565.511962,1.0,0.9565217391303804,871.3217391304348,424997.8995023131,1.5017355579835125,2.5605270185148985,2124989.4975115657,764.8024276187643,-6332099.771784005
541,872.2782608695653,768.2016913739926,283.37447020197,311.9023778728485,19.3,63.37967366431201,64.47517659934334,803.1653566809271,350247.51765993435,3.316784399562232,5600000.0,380247.51765993435,768901.6913739927,0.0,334486.3793652373,3.1675291015819314,1.1191440750338946,144659343535.5646,2864589014.95809,1.0,0.9565217391304941,872.2782608695653,425761.2205134935,1.5017614915196822,2.563337920213833,2128806.1025674674,768.2016913741827,-6332013.752338597
542,873.2347826086957,771.6009551288429,283.5714655258183,313.1872251517262,19.3,63.81087453984678,64.40951149139389,791.2580837727589,350240.9511491394,3.273007660929261,5600000.0,380240.9511491394,772300.9551288428,0.0,334480.1083474281,3.125722316187444,1.1186966038216957,144974274578.3715,2877215026.6098213,1.0,0.9565217391303804,873.2347826086957,426524.8867124954,1.501787425951562,2.5661488219127673,2132624.433562477,771.6009551286697,-6331927.636065266
543,874.1913043478262,775.0002188836933,283.7684608496667,314.472072430604,19.3,64.24207541538158,64.34384638344443,779.3508108645901,350234.38463834446,3.2292309222962867,5600000.0,380234.38463834446,775700.2188836933,0.0,334473.8373296189,3.0839155307929538,1.1182493115234458,145289542546.89767,2889840600.467159,1.0,0.9565217391304941,874.1913043478262,427288.8972920113,1.5018133612791984,2.568959723611702,2136444.4864600566,775.0002188840881,-6331841.422956008
544,875.1478260869566,778.3994826385435,283.96545617351507,315.7569197094817,19.3,64.67327629091633,64.27818127549497,767.443537956422,350227.8181275495,3.1854541836633157,5600000.0,380227.8181275495,779099.4826385435,0.0,334467.56631180976,3.0421087453984663,1.1178021980676087,145605147423.11923,2902465736.530101,1.0,0.9565217391303804,875.1478260869566,428053.25144548714,1.5018392975026378,2.5717706253106365,2140266.2572274357,778.3994826385751,-6331755.113002805
545,876.104347826087,781.7987463933937,284.16245149736346,317.04176698835937,19.3,65.1044771664511,64.21251616754552,755.5362650482539,350221.25161675457,3.1416774450303446,5600000.0,380221.25161675457,782498.7463933937,0.0,334461.2952940006,3.000301960003979,1.1173552633826775,145921089189.01245,2915090434.7986465,1.0,0.9565217391303804,876.104347826087,428817.9483671226,1.5018652346219266,2.574581527009571,2144089.7418356133,781.7987463930622,-6331668.70619763
546,877.0608695652174,785.1980101482441,284.35944682121186,318.3266142672372,19.3,65.53567804198589,64.14685105959606,743.628992140085,350214.6851059596,3.097900706397371,5600000.0,380214.6851059596,785898.0101482441,0.0,334455.0242761914,2.958495174609489,1.1169085073971736,146237367826.55365,2927714695.2727976,1.0,0.9565217391304941,877.0608695652174,429582.98725187074,1.5018911726371114,2.5773924287085057,2147914.936259354,785.1980101484805,-6331582.20253245
547,878.0173913043479,788.5972739030943,284.5564421450602,319.61146154611487,19.3,65.96687891752066,64.0811859516466,731.7217192319168,350208.1185951647,3.0541239677644,5600000.0,380208.1185951647,789297.2739030943,0.0,334448.75325838226,2.9166883892150017,1.116461930039647,146553983317.71896,2940338517.9525537,1.0,0.9565217391304941,878.0173913043479,430348.3672954363,1.5019171115482381,2.5802033304074405,2151741.836477182,788.5972739029676,-6331495.601999219
548,878.9739130434783,791.9965376579445,284.7534374689086,320.89630882499256,19.3,66.39807979305542,64.01552084369715,719.8144463237487,350201.5520843697,3.010347229131429,5600000.0,380201.5520843697,792696.5376579445,0.0,334442.48224057304,2.8748816038205143,1.1160155312386761,146870935644.48462,2952961902.8379135,1.0,0.9565217391303804,878.9739130434783,431114.08769427624,1.5019430513553538,2.583014232106375,2155570.438471381,791.9965376583859,-6331408.904589887
549,879.828474778629,795.7083673266341,284.8885882001791,322.27475873047456,19.298328524524923,66.91285444234404,63.94985573574769,705.0155208436972,350196.65704904986,2.949855735747687,5506397.373395682,380196.65704904986,796408.3673266341,0.0,334437.8074818426,2.8171122276390412,1.1155282894487362,147154763484.38324,2966763275.8339977,1.0,0.8545617351506962,879.828474778629,431764.1897960965,1.476857455910313,2.5855255070046987,2158820.9489804828,795.7083673262969,-6331331.358278832
550,880.6514774649289,799.5169435877028,285.00459655755645,323.6821808775247,19.296139687593275,67.45349716446127,63.884190627798226,689.321560043776,350192.27937518654,2.884190627798226,5383822.505223355,380192.27937518654,800216.9435877029,0.0,334433.62680330314,2.7544020495473056,1.1150285691100101,147428495553.29526,2980929059.6056314,1.0,0.8230026862999011,880.6514774649289,432378.5446484822,1.4439985749826374,2.587944040274263,2161892.723242411,799.5169435879216,-6331256.5996986525
551,881.4744801512288,803.3255198487714,285.12060491493384,325.08960302457467,19.293950850661627,67.99413988657847,63.81852551984877,673.6275992438559,350187.9017013232,2.8185255198487695,5261247.637051037,380187.9017013232,804025.5198487714,0.0,334429.44612476364,2.691691871455575,1.114529072629719,147702478793.45663,2995094516.3705044,1.0,0.8230026862999011,881.4744801512288,432993.01734253217,1.4111389373477485,2.5903625735438265,2164965.086712661,803.3255198486149,-6331181.769342027
552,882.2974828375286,807.1340961098398,285.2366132723112,326.4970251716247,19.29176201372998,68.53478260869565,63.75286041189931,657.9336384439358,350183.52402745996,2.752860411899313,5138672.768878718,380183.52402745996,807834.0961098399,0.0,334425.26544622425,2.6289816933638437,1.1140297999075817,147976713195.97202,3009259646.1286173,1.0,0.8230026862997875,882.2974828375286,433607.60731120856,1.3782785429795046,2.59278110681339,2168038.0365560427,807.1340961102396,-6331106.867203746
553,883.1204855238285,810.9426723709086,285.3526216296886,327.90444731867484,19.289573176798328,69.07542533081289,63.68719530394985,642.2396776440147,350179.14635359665,2.687195303949852,5016097.900706391,380179.14635359665,811642.6723709085,0.0,334421.0847676848,2.5662715152721085,1.1135307508433614,148251198751.94592,3023424448.879971,1.0,0.8230026862999011,883.1204855238285,434222.3139881092,1.3454173918517627,2.5951996400829542,2171111.569940546,810.942672370933,-6331031.893278593
554,883.9434882101284,814.751248631977,285.468629987066,329.31186946572484,19.28738433986668,69.61606805293007,63.62153019600039,626.5457168440945,350174.7686797334,2.6215301960003954,4893523.032534072,380174.7686797334,815451.248631977,0.0,334416.90408914536,2.5035613371803773,1.1130319253368668,148525935452.48297,3037588924.6245637,1.0,0.8230026862999011,883.9434882101284,434837.136807467,1.312555483938385,2.597618173352518,2174185.6840373348,814.7512486316264,-6330956.847561346
555,884.7664908964283,818.5598248930455,285.58463834444336,330.71929161277484,19.285195502935032,70.15671077504727,63.555865088050936,610.8517560441744,350170.3910058701,2.555865088050939,4770948.164361753,380170.3910058701,819259.8248930456,0.0,334412.7234106059,2.4408511590886466,1.1125333232879513,148800923288.68765,3051753073.3623962,1.0,0.8230026862999011,884.7664908964283,435452.0752041498,1.2796928192132262,2.600036706622082,2177260.376020749,818.5598248932511,-6330881.730046782
556,885.5894935827281,822.3684011541139,285.70064670182074,332.1267137598249,19.283006666003384,70.69735349716446,63.49019998010148,595.1577952442543,350166.01333200675,2.4901999801014822,4648373.296189434,380166.01333200675,823068.401154114,0.0,334408.5427320664,2.3781409809969154,1.1120349445965136,149076162251.66452,3065916895.093468,1.0,0.8230026862997875,885.5894935827281,436067.1286136602,1.246829397650142,2.6024552398916456,2180335.643068301,822.3684011539444,-6330806.540729665
557,886.412496269028,826.1769774151827,285.8166550591981,333.534135906875,19.280817829071733,71.23799621928168,63.42453487215202,579.4638344443331,350161.6356581435,2.4245348721520217,4525798.428017107,380161.6356581435,826876.9774151827,0.0,334404.36205352703,2.3154308029051807,1.1115367891624963,149351652332.51828,3080080389.8177814,1.0,0.8230026862999011,886.412496269028,436682.29647213407,1.2139652192229842,2.6048737731612093,2183411.4823606703,826.1769774155691,-6330731.279604763
558,887.2354989553279,829.9855536762511,285.9326634165755,334.941558053925,19.278628992140085,71.77863894139888,63.358869764202566,563.769873644413,350157.2579842802,2.358869764202565,4403223.559844788,380157.2579842802,830685.5536762512,0.0,334400.18137498753,2.2527206248134495,1.1110388568858875,149627393522.3534,3094243557.535333,1.0,0.8230026862999011,887.2354989553279,437297.5782163407,1.1811002839056108,2.6072923064307734,2186487.8910817034,829.9855536762625,-6330655.946666833
559,888.0585016416277,833.7941299373197,286.04867177395283,336.348980200975,19.276440155208437,72.31928166351608,63.29320465625311,548.0759128444929,350152.88031041686,2.2932046562531085,4280648.691672469,380152.88031041686,834494.1299373197,0.0,334396.0006964481,2.1900104467217187,1.11054114766672,149903385812.27435,3108406398.2461247,1.0,0.8230026862997875,888.0585016416277,437912.97328368184,1.148234591671871,2.609710839700337,2189564.866418409,833.7941299369559,-6330580.541910629
560,888.8815043279276,837.6027061983884,286.1646801313302,337.7564023480251,19.27425131827679,72.8599243856333,63.227539548303646,532.3819520445718,350148.5026365536,2.2275395483036475,4158073.8235001424,380148.5026365536,838302.7061983885,0.0,334391.8200179087,2.127300268629983,1.1100436614050713,150179629193.3859,3122568911.950158,1.0,0.8230026862999011,888.8815043279276,438528.4811121921,1.1153681424956141,2.6121293729699007,2192642.4055609605,837.6027061985806,-6330505.065330901
561,889.7045070142275,841.4112824594569,286.2806884887076,339.1638244950752,19.27206248134514,73.40056710775049,63.16187444035419,516.6879912446516,350144.1249626903,2.161874440354191,4035498.9553278233,380144.1249626903,842111.2824594569,0.0,334387.6393393692,2.0645900905382524,1.1095463980010638,150456123656.79248,3136731098.647429,1.0,0.8230026862999011,889.7045070142275,439144.10114053736,1.0825009363506934,2.6145479062394648,2195720.505702687,841.4112824592739,-6330429.516922393
562,890.5275097005274,845.2198587205254,286.396696846085,340.5712466421252,19.26987364441349,73.94120982986769,63.09620933240473,500.9940304447315,350139.74728882697,2.0962093324047344,3912924.087155504,380139.74728882697,845919.8587205254,0.0,334383.45866082975,2.001879912446521,1.1090493573548645,150732869193.5987,3150892958.33794,1.0,0.8230026862999011,890.5275097005274,439759.83280801465,1.0496329732109555,2.6169664395090284,2198799.1640400733,845.2198587208986,-6330353.896679844
563,891.3505123868272,849.0284349815938,286.51270520346236,341.97866878917523,19.267684807481842,74.48185255198487,63.03054422445528,485.3000696448114,350135.3696149637,2.030544224455278,3790349.2189831855,380135.3696149637,849728.4349815939,0.0,334379.2779822903,1.9391697343547902,1.108552539366685,151009865794.9091,3165054491.021692,1.0,0.8230026862997875,891.3505123868272,440375.67555455153,1.016764253050247,2.619384972778592,2201878.377772758,849.028434981592,-6330278.204597987
564,892.1735150731271,852.8370112426626,286.62871356083974,343.3860909362253,19.265495970550194,75.02249527410211,62.96487911650582,469.6061088448903,350130.9919411004,1.964879116505817,3667774.3508108584,380130.9919411004,853537.0112426626,0.0,334375.09730375087,1.8764595562630553,1.108055943936782,151287113451.82825,3179215696.6986833,1.0,0.8230026862999011,892.1735150731271,440991.62882070616,0.9838947758424121,2.621803506048156,2204958.144103531,852.8370112422854,-6330202.440671553
565,892.996517759427,856.645587503731,286.7447219182171,344.79351308327534,19.263307133618547,75.5631379962193,62.89921400855636,453.91214804497014,350126.6142672371,1.8992140085563605,3545199.4826385397,380126.6142672371,857345.5875037311,0.0,334370.9166252114,1.813749378171324,1.1075595709654564,151564612155.46075,3193376575.3689137,1.0,0.8230026862999011,892.996517759427,441607.6920476659,0.9510245415612998,2.62422203931772,2208038.460238329,856.6455875039101,-6330126.604895267
566,893.8195204457268,860.4541637647995,286.8607302755945,346.20093523032534,19.261118296686895,76.1037807183365,62.83354890060691,438.21818724505005,350122.2365933738,1.833548900606904,3422624.6144662206,380122.2365933738,861154.1637647996,0.0,334366.735946672,1.7510392000795931,1.107063420353054,151842361896.9111,3207537127.032385,1.0,0.8230026862997875,893.8195204457268,442223.8646772471,0.9181535501807511,2.6266405725872835,2211119.3233862356,860.4541637646034,-6330050.697263845
567,894.6425231320267,864.262740025868,286.9767386329719,347.6083573773754,19.258929459755247,76.64442344045368,62.76788379265745,422.5242264451299,350117.8589195105,1.7678837926574473,3300049.746293902,380117.8589195105,864962.740025868,0.0,334362.55526813254,1.6883290219878622,1.1065674919999657,152120362667.28394,3221697351.689095,1.0,0.8230026862999011,894.6425231320267,442840.14615189546,0.8852818016746087,2.6290591058568475,2214200.7307594777,864.2627400262281,-6329974.717772004
568,895.4655258183266,868.0713162869367,287.0927469903492,349.0157795244255,19.2567406228236,77.1850661625709,62.70221868470799,406.8302656452088,350113.4812456472,1.7022186847079865,3177474.878121575,380113.4812456472,868771.3162869368,0.0,334358.37458959303,1.625618843896127,1.1060717858066258,152398614457.68378,3235857249.339046,1.0,0.8230026862999011,895.4655258183266,443456.5359146836,0.8524092960167114,2.631477639126411,2217282.679573418,868.0713162869215,-6329898.666414454
569,896.2885285046265,871.8798925480053,287.2087553477266,350.4232016714755,19.25455178589195,77.7257088846881,62.63655357675853,391.13630484528863,350109.1035717839,1.63655357675853,3054900.0099492557,380109.1035717839,872579.8925480052,0.0,334354.19391105365,1.562908665804396,1.1055763016735147,152677117259.21524,3250016819.982237,1.0,0.8230026862999011,896.2885285046265,444073.0334093128,0.8195360331809035,2.6338961723959753,2220365.167046564,871.8798925476149,-6329822.543185896
570,897.1115311909263,875.6884688090737,287.324763705104,351.8306238185255,19.252362948960304,78.2663516068053,62.57088846880907,375.44234404536854,350104.7258979206,1.5708884688090734,2932325.141776937,380104.7258979206,876388.4688090738,0.0,334350.01323251415,1.500198487712665,1.1050810395011563,152955871062.98282,3264176063.618666,1.0,0.8230026862997875,897.1115311909263,444689.63808011037,0.7866620131410216,2.636314705665539,2223448.190400552,875.6884688092396,-6329746.348081034
571,897.9345338772262,879.4970450701425,287.44077206248136,353.2380459655756,19.250174112028652,78.80699432892253,62.50522336085961,359.74838324544737,350100.3482240573,1.5052233608596126,2809750.27360461,380100.3482240573,880197.0450701425,0.0,334345.8325539747,1.4374883096209299,1.1045859991901192,153234875860.09113,3278334980.2483373,1.0,0.8230026862999011,897.9345338772262,445306.3493720308,0.7537872358709008,2.6387332389351026,2226531.746860154,879.4970450699329,-6329670.081094558
572,898.7575365635261,883.3056213312109,287.55678041985874,354.6454681126256,19.247985275097005,79.34763705103971,62.43955825291015,344.0544224455273,350095.97055019403,1.439558252910156,2687175.4054322913,380095.97055019403,884005.621331211,0.0,334341.6518754353,1.374778131529199,1.1040911806410174,153514131641.64474,3292493569.871247,1.0,0.8230026862999011,898.7575365635261,445923.1667306545,0.7209117013443819,2.6411517722046667,2229615.8336532726,883.3056213315576,-6329593.742221162
573,899.5805392498258,887.1141975922794,287.6727887772361,356.0528902596757,19.245796438165357,79.88827977315691,62.3738931449607,328.36046164560713,350091.5928763307,1.3738931449606995,2564600.537259972,380091.5928763307,887814.1975922794,0.0,334337.4711968958,1.312067953437468,1.103596583754508,153793638398.74814,3306651832.4873962,1.0,0.8230026862997875,899.5805392498258,446540.08960218675,0.6880354095352977,2.6435703054742303,2232700.4480109336,887.114197592251,-6329517.331455527
574,900.4035419361257,890.9227738533478,287.7887971346135,357.4603124067257,19.24360760123371,80.4289224952741,62.30822803701124,312.66650084568704,350087.2152024674,1.308228037011243,2442025.6690876535,380087.2152024674,891622.7738533479,0.0,334333.29051835637,1.249357775345737,1.103102208431294,154073396122.506,3320809768.0967855,1.0,0.8230026862999011,900.4035419361257,447157.11743345857,0.6551583604174822,2.645988838743794,2235785.587167293,890.9227738529444,-6329440.848792334
575,901.2265446224256,894.7313501144166,287.9048054919909,358.8677345537758,19.241418764302058,80.96956521739133,62.24256292906178,296.97254004576587,350082.83752860414,1.2425629290617821,2319450.8009153265,380082.83752860414,895431.3501144167,0.0,334329.1098398169,1.1866475972540018,1.102608054572122,154353404804.0229,3334967376.699416,1.0,0.8230026862999011,901.2265446224256,447774.24967192503,0.6222805539647658,2.648407372013358,2238871.248359625,894.7313501145691,-6329364.294226259
576,902.0495473087256,898.539926375485,288.02081384936827,360.27515670082585,19.23922992737041,81.51020793950852,62.17689782111233,281.2785792458458,350078.4598547408,1.1768978211123255,2196875.9327430073,380078.4598547408,899239.9263754851,0.0,334324.9291612775,1.1239374191622709,1.1021141220777833,154633664434.4033,3349124658.2952843,1.0,0.8230026862999011,902.0495473087256,448391.485765665,0.5894019901509845,2.6508259052829217,2241957.428828325,898.5399263752624,-6329287.66775197
577,902.8725499950253,902.3485026365536,288.1368222067456,361.68257884787585,19.237041090438762,82.05085066162572,62.11123271316287,265.5846184459256,350074.0821808775,1.111232713162869,2074301.0645706886,380074.0821808775,903048.5026365536,0.0,334320.748482738,1.06122724107054,1.1016204108491139,154914175004.75177,3363281612.884393,1.0,0.8230026862997875,902.8725499950253,449008.82516338106,0.5565226689499662,2.6532444385524854,2245044.1258169054,902.3485026368871,-6329210.969364132
